t,x,y,theta_raw,tracked,frame_number,motive_timestamp,raw_x,raw_y,raw_z,qx,qy,qz,qw
1791576713.7234995,nan,nan,nan,0,636699,5306.01873417,nan,nan,nan,nan,nan,nan,nan
1791576713.731642,nan,nan,nan,0,636700,5306.0270675,nan,nan,nan,nan,nan,nan,nan
1791576713.7401636,nan,nan,nan,0,636701,5306.03540083,nan,nan,nan,nan,nan,nan,nan
1791576713.7481556,nan,nan,nan,0,636702,5306.04373416,nan,nan,nan,nan,nan,nan,nan
1791576713.7565982,nan,nan,nan,0,636703,5306.05206749,nan,nan,nan,nan,nan,nan,nan
1791576713.7652647,nan,nan,nan,0,636704,5306.06040082,nan,nan,nan,nan,nan,nan,nan
1791576713.773375,nan,nan,nan,0,636705,5306.06873415,nan,nan,nan,nan,nan,nan,nan
1791576713.7823832,nan,nan,nan,0,636706,5306.07706748,nan,nan,nan,nan,nan,nan,nan
1791576713.7907517,nan,nan,nan,0,636707,5306.08540081,nan,nan,nan,nan,nan,nan,nan
1791576713.7984328,nan,nan,nan,0,636708,5306.09373414,nan,nan,nan,nan,nan,nan,nan
1791576713.80679,nan,nan,nan,0,636709,5306.10206747,nan,nan,nan,nan,nan,nan,nan
1791576713.8152092,nan,nan,nan,0,636710,5306.1104008,nan,nan,nan,nan,nan,nan,nan
1791576713.8234687,nan,nan,nan,0,636711,5306.11873413,nan,nan,nan,nan,nan,nan,nan
1791576713.831934,nan,nan,nan,0,636712,5306.12706746,nan,nan,nan,nan,nan,nan,nan
1791576713.8412392,nan,nan,nan,0,636713,5306.13540079,nan,nan,nan,nan,nan,nan,nan
1791576713.8483787,nan,nan,nan,0,636714,5306.14373412,nan,nan,nan,nan,nan,nan,nan
1791576713.8576956,nan,nan,nan,0,636715,5306.15206745,nan,nan,nan,nan,nan,nan,nan
1791576713.8650675,nan,nan,nan,0,636716,5306.16040078,nan,nan,nan,nan,nan,nan,nan
1791576713.8733385,nan,nan,nan,0,636717,5306.16873411,nan,nan,nan,nan,nan,nan,nan
1791576713.8825974,nan,nan,nan,0,636718,5306.17706744,nan,nan,nan,nan,nan,nan,nan
1791576713.8902698,nan,nan,nan,0,636719,5306.18540077,nan,nan,nan,nan,nan,nan,nan
1791576713.8985546,nan,nan,nan,0,636720,5306.1937341,nan,nan,nan,nan,nan,nan,nan
1791576713.9068232,nan,nan,nan,0,636721,5306.20206743,nan,nan,nan,nan,nan,nan,nan
1791576713.9152055,nan,nan,nan,0,636722,5306.21040076,nan,nan,nan,nan,nan,nan,nan
1791576713.9296796,nan,nan,nan,0,636723,5306.21873409,nan,nan,nan,nan,nan,nan,nan
1791576713.9317536,nan,nan,nan,0,636724,5306.22706742,nan,nan,nan,nan,nan,nan,nan
1791576713.940223,nan,nan,nan,0,636725,5306.23540075,nan,nan,nan,nan,nan,nan,nan
1791576713.9483576,nan,nan,nan,0,636726,5306.24373408,nan,nan,nan,nan,nan,nan,nan
1791576713.9566534,nan,nan,nan,0,636727,5306.25206741,nan,nan,nan,nan,nan,nan,nan
1791576713.9649343,nan,nan,nan,0,636728,5306.26040074,nan,nan,nan,nan,nan,nan,nan
1791576713.9733653,nan,nan,nan,0,636729,5306.26873407,nan,nan,nan,nan,nan,nan,nan
1791576713.9817479,nan,nan,nan,0,636730,5306.2770674,nan,nan,nan,nan,nan,nan,nan
1791576713.9900014,nan,nan,nan,0,636731,5306.28540073,nan,nan,nan,nan,nan,nan,nan
1791576713.9984848,nan,nan,nan,0,636732,5306.29373406,nan,nan,nan,nan,nan,nan,nan
1791576714.0066066,nan,nan,nan,0,636733,5306.30206739,nan,nan,nan,nan,nan,nan,nan
1791576714.0156214,nan,nan,nan,0,636734,5306.31040072,nan,nan,nan,nan,nan,nan,nan
1791576714.023728,nan,nan,nan,0,636735,5306.31873405,nan,nan,nan,nan,nan,nan,nan
1791576714.03171,nan,nan,nan,0,636736,5306.32706738,nan,nan,nan,nan,nan,nan,nan
1791576714.0399852,nan,nan,nan,0,636737,5306.33540071,nan,nan,nan,nan,nan,nan,nan
1791576714.0483263,nan,nan,nan,0,636738,5306.34373404,nan,nan,nan,nan,nan,nan,nan
1791576714.0570786,nan,nan,nan,0,636739,5306.35206737,nan,nan,nan,nan,nan,nan,nan
1791576714.0650487,nan,nan,nan,0,636740,5306.3604007,nan,nan,nan,nan,nan,nan,nan
1791576714.0747814,nan,nan,nan,0,636741,5306.36873403,nan,nan,nan,nan,nan,nan,nan
1791576714.081617,nan,nan,nan,0,636742,5306.37706736,nan,nan,nan,nan,nan,nan,nan
1791576714.0910187,nan,nan,nan,0,636743,5306.38540069,nan,nan,nan,nan,nan,nan,nan
1791576714.0986457,nan,nan,nan,0,636744,5306.39373402,nan,nan,nan,nan,nan,nan,nan
1791576714.106889,nan,nan,nan,0,636745,5306.40206735,nan,nan,nan,nan,nan,nan,nan
1791576714.1150486,nan,nan,nan,0,636746,5306.41040068,nan,nan,nan,nan,nan,nan,nan
1791576714.12413,nan,nan,nan,0,636747,5306.41873401,nan,nan,nan,nan,nan,nan,nan
1791576714.1317627,nan,nan,nan,0,636748,5306.42706734,nan,nan,nan,nan,nan,nan,nan
1791576714.140123,nan,nan,nan,0,636749,5306.43540067,nan,nan,nan,nan,nan,nan,nan
1791576714.1484807,nan,nan,nan,0,636750,5306.443734,nan,nan,nan,nan,nan,nan,nan
1791576714.1567035,nan,nan,nan,0,636751,5306.45206733,nan,nan,nan,nan,nan,nan,nan
1791576714.1657538,nan,nan,nan,0,636752,5306.46040066,nan,nan,nan,nan,nan,nan,nan
1791576714.1733837,nan,nan,nan,0,636753,5306.46873399,nan,nan,nan,nan,nan,nan,nan
1791576714.1817713,nan,nan,nan,0,636754,5306.47706732,nan,nan,nan,nan,nan,nan,nan
1791576714.1902246,nan,nan,nan,0,636755,5306.48540065,nan,nan,nan,nan,nan,nan,nan
1791576714.1984808,nan,nan,nan,0,636756,5306.49373398,nan,nan,nan,nan,nan,nan,nan
1791576714.2077043,nan,nan,nan,0,636757,5306.50206731,nan,nan,nan,nan,nan,nan,nan
1791576714.215162,nan,nan,nan,0,636758,5306.51040064,nan,nan,nan,nan,nan,nan,nan
1791576714.2234693,nan,nan,nan,0,636759,5306.51873397,nan,nan,nan,nan,nan,nan,nan
1791576714.231649,nan,nan,nan,0,636760,5306.5270673,nan,nan,nan,nan,nan,nan,nan
1791576714.2401795,nan,nan,nan,0,636761,5306.53540063,nan,nan,nan,nan,nan,nan,nan
1791576714.248446,nan,nan,nan,0,636762,5306.54373396,nan,nan,nan,nan,nan,nan,nan
1791576714.25677,nan,nan,nan,0,636763,5306.55206729,nan,nan,nan,nan,nan,nan,nan
1791576714.265042,nan,nan,nan,0,636764,5306.56040062,nan,nan,nan,nan,nan,nan,nan
1791576714.2734566,nan,nan,nan,0,636765,5306.56873395,nan,nan,nan,nan,nan,nan,nan
1791576714.2817082,nan,nan,nan,0,636766,5306.57706728,nan,nan,nan,nan,nan,nan,nan
1791576714.2905276,nan,nan,nan,0,636767,5306.58540061,nan,nan,nan,nan,nan,nan,nan
1791576714.2983673,nan,nan,nan,0,636768,5306.59373394,nan,nan,nan,nan,nan,nan,nan
1791576714.3068738,nan,nan,nan,0,636769,5306.60206727,nan,nan,nan,nan,nan,nan,nan
1791576714.3165557,nan,nan,nan,0,636770,5306.6104006,nan,nan,nan,nan,nan,nan,nan
1791576714.3244002,nan,nan,nan,0,636771,5306.61873393,nan,nan,nan,nan,nan,nan,nan
1791576714.3316596,nan,nan,nan,0,636772,5306.62706726,nan,nan,nan,nan,nan,nan,nan
1791576714.3399453,nan,nan,nan,0,636773,5306.63540059,nan,nan,nan,nan,nan,nan,nan
1791576714.348545,nan,nan,nan,0,636774,5306.64373392,nan,nan,nan,nan,nan,nan,nan
1791576714.356686,nan,nan,nan,0,636775,5306.65206725,nan,nan,nan,nan,nan,nan,nan
1791576714.366828,nan,nan,nan,0,636776,5306.66040058,nan,nan,nan,nan,nan,nan,nan
1791576714.3737712,nan,nan,nan,0,636777,5306.66873391,nan,nan,nan,nan,nan,nan,nan
1791576714.3817089,nan,nan,nan,0,636778,5306.67706724,nan,nan,nan,nan,nan,nan,nan
1791576714.390447,nan,nan,nan,0,636779,5306.68540057,nan,nan,nan,nan,nan,nan,nan
1791576714.4001064,nan,nan,nan,0,636780,5306.6937339,nan,nan,nan,nan,nan,nan,nan
1791576714.4072213,nan,nan,nan,0,636781,5306.70206723,nan,nan,nan,nan,nan,nan,nan
1791576714.415694,nan,nan,nan,0,636782,5306.71040056,nan,nan,nan,nan,nan,nan,nan
1791576714.4237945,nan,nan,nan,0,636783,5306.71873389,nan,nan,nan,nan,nan,nan,nan
1791576714.4325848,nan,nan,nan,0,636784,5306.72706722,nan,nan,nan,nan,nan,nan,nan
1791576714.44087,nan,nan,nan,0,636785,5306.73540055,nan,nan,nan,nan,nan,nan,nan
1791576714.449467,nan,nan,nan,0,636786,5306.74373388,nan,nan,nan,nan,nan,nan,nan
1791576714.4572172,nan,nan,nan,0,636787,5306.75206721,nan,nan,nan,nan,nan,nan,nan
1791576714.4653592,nan,nan,nan,0,636788,5306.76040054,nan,nan,nan,nan,nan,nan,nan
1791576714.4738529,nan,nan,nan,0,636789,5306.76873387,nan,nan,nan,nan,nan,nan,nan
1791576714.4817896,nan,nan,nan,0,636790,5306.7770672,nan,nan,nan,nan,nan,nan,nan
1791576714.4904575,nan,nan,nan,0,636791,5306.78540053,nan,nan,nan,nan,nan,nan,nan
1791576714.5014873,nan,nan,nan,0,636792,5306.79373386,nan,nan,nan,nan,nan,nan,nan
1791576714.5072958,nan,nan,nan,0,636793,5306.80206719,nan,nan,nan,nan,nan,nan,nan
1791576714.514982,nan,nan,nan,0,636794,5306.81040052,nan,nan,nan,nan,nan,nan,nan
1791576714.5233755,nan,nan,nan,0,636795,5306.81873385,nan,nan,nan,nan,nan,nan,nan
1791576714.5317159,nan,nan,nan,0,636796,5306.82706718,nan,nan,nan,nan,nan,nan,nan
1791576714.5399868,nan,nan,nan,0,636797,5306.83540051,nan,nan,nan,nan,nan,nan,nan
1791576714.548342,nan,nan,nan,0,636798,5306.84373384,nan,nan,nan,nan,nan,nan,nan
1791576714.5565898,nan,nan,nan,0,636799,5306.85206717,nan,nan,nan,nan,nan,nan,nan
1791576714.565062,nan,nan,nan,0,636800,5306.8604005,nan,nan,nan,nan,nan,nan,nan
1791576714.5776842,nan,nan,nan,0,636801,5306.86873383,nan,nan,nan,nan,nan,nan,nan
1791576714.5815864,nan,nan,nan,0,636802,5306.87706716,nan,nan,nan,nan,nan,nan,nan
1791576714.5900912,nan,nan,nan,0,636803,5306.88540049,nan,nan,nan,nan,nan,nan,nan
1791576714.5994825,nan,nan,nan,0,636804,5306.89373382,nan,nan,nan,nan,nan,nan,nan
1791576714.6066227,nan,nan,nan,0,636805,5306.90206715,nan,nan,nan,nan,nan,nan,nan
1791576714.6158957,nan,nan,nan,0,636806,5306.91040048,nan,nan,nan,nan,nan,nan,nan
1791576714.623395,nan,nan,nan,0,636807,5306.91873381,nan,nan,nan,nan,nan,nan,nan
1791576714.631822,nan,nan,nan,0,636808,5306.92706714,nan,nan,nan,nan,nan,nan,nan
1791576714.6403759,nan,nan,nan,0,636809,5306.93540047,nan,nan,nan,nan,nan,nan,nan
1791576714.648317,nan,nan,nan,0,636810,5306.9437338,nan,nan,nan,nan,nan,nan,nan
1791576714.656765,nan,nan,nan,0,636811,5306.95206713,nan,nan,nan,nan,nan,nan,nan
1791576714.665109,nan,nan,nan,0,636812,5306.96040046,nan,nan,nan,nan,nan,nan,nan
1791576714.6737273,nan,nan,nan,0,636813,5306.96873379,nan,nan,nan,nan,nan,nan,nan
1791576714.6822054,nan,nan,nan,0,636814,5306.97706712,nan,nan,nan,nan,nan,nan,nan
1791576714.6903636,nan,nan,nan,0,636815,5306.98540045,nan,nan,nan,nan,nan,nan,nan
1791576714.6989796,nan,nan,nan,0,636816,5306.99373378,nan,nan,nan,nan,nan,nan,nan
1791576714.7068202,nan,nan,nan,0,636817,5307.00206711,nan,nan,nan,nan,nan,nan,nan
1791576714.7151515,nan,nan,nan,0,636818,5307.01040044,nan,nan,nan,nan,nan,nan,nan
1791576714.7236304,nan,nan,nan,0,636819,5307.01873377,nan,nan,nan,nan,nan,nan,nan
1791576714.7318683,nan,nan,nan,0,636820,5307.0270671,nan,nan,nan,nan,nan,nan,nan
1791576714.7405126,nan,nan,nan,0,636821,5307.03540043,nan,nan,nan,nan,nan,nan,nan
1791576714.7484426,nan,nan,nan,0,636822,5307.04373376,nan,nan,nan,nan,nan,nan,nan
1791576714.7568076,nan,nan,nan,0,636823,5307.05206709,nan,nan,nan,nan,nan,nan,nan
1791576714.7652335,nan,nan,nan,0,636824,5307.06040042,nan,nan,nan,nan,nan,nan,nan
1791576714.7738302,nan,nan,nan,0,636825,5307.06873375,nan,nan,nan,nan,nan,nan,nan
1791576714.7824755,nan,nan,nan,0,636826,5307.07706708,nan,nan,nan,nan,nan,nan,nan
1791576714.7905517,nan,nan,nan,0,636827,5307.08540041,nan,nan,nan,nan,nan,nan,nan
1791576714.7984958,nan,nan,nan,0,636828,5307.09373374,nan,nan,nan,nan,nan,nan,nan
1791576714.8066876,nan,nan,nan,0,636829,5307.10206707,nan,nan,nan,nan,nan,nan,nan
1791576714.815055,nan,nan,nan,0,636830,5307.1104004,nan,nan,nan,nan,nan,nan,nan
1791576714.8238275,nan,nan,nan,0,636831,5307.11873373,nan,nan,nan,nan,nan,nan,nan
1791576714.8316932,nan,nan,nan,0,636832,5307.12706706,nan,nan,nan,nan,nan,nan,nan
1791576714.8401496,nan,nan,nan,0,636833,5307.13540039,nan,nan,nan,nan,nan,nan,nan
1791576714.8483057,nan,nan,nan,0,636834,5307.14373372,nan,nan,nan,nan,nan,nan,nan
1791576714.8566773,nan,nan,nan,0,636835,5307.15206705,nan,nan,nan,nan,nan,nan,nan
1791576714.864869,nan,nan,nan,0,636836,5307.16040038,nan,nan,nan,nan,nan,nan,nan
1791576714.873714,nan,nan,nan,0,636837,5307.16873371,nan,nan,nan,nan,nan,nan,nan
1791576714.8815584,nan,nan,nan,0,636838,5307.17706704,nan,nan,nan,nan,nan,nan,nan
1791576714.8914316,nan,nan,nan,0,636839,5307.18540037,nan,nan,nan,nan,nan,nan,nan
1791576714.8986719,nan,nan,nan,0,636840,5307.1937337,nan,nan,nan,nan,nan,nan,nan
1791576714.9066317,nan,nan,nan,0,636841,5307.20206703,nan,nan,nan,nan,nan,nan,nan
1791576714.9154053,nan,nan,nan,0,636842,5307.21040036,nan,nan,nan,nan,nan,nan,nan
1791576714.9234376,nan,nan,nan,0,636843,5307.21873369,nan,nan,nan,nan,nan,nan,nan
1791576714.9315548,nan,nan,nan,0,636844,5307.22706702,nan,nan,nan,nan,nan,nan,nan
1791576714.9408538,nan,nan,nan,0,636845,5307.23540035,nan,nan,nan,nan,nan,nan,nan
1791576714.948308,nan,nan,nan,0,636846,5307.24373368,nan,nan,nan,nan,nan,nan,nan
1791576714.9566357,nan,nan,nan,0,636847,5307.25206701,nan,nan,nan,nan,nan,nan,nan
1791576714.965283,nan,nan,nan,0,636848,5307.26040034,nan,nan,nan,nan,nan,nan,nan
1791576714.9735973,nan,nan,nan,0,636849,5307.26873367,nan,nan,nan,nan,nan,nan,nan
1791576714.9818053,nan,nan,nan,0,636850,5307.277067,nan,nan,nan,nan,nan,nan,nan
1791576714.9899323,nan,nan,nan,0,636851,5307.28540033,nan,nan,nan,nan,nan,nan,nan
1791576714.9988964,nan,nan,nan,0,636852,5307.29373366,nan,nan,nan,nan,nan,nan,nan
1791576715.0068283,nan,nan,nan,0,636853,5307.30206699,nan,nan,nan,nan,nan,nan,nan
1791576715.0149133,nan,nan,nan,0,636854,5307.31040032,nan,nan,nan,nan,nan,nan,nan
1791576715.0233877,nan,nan,nan,0,636855,5307.31873365,nan,nan,nan,nan,nan,nan,nan
1791576715.0322225,nan,nan,nan,0,636856,5307.32706698,nan,nan,nan,nan,nan,nan,nan
1791576715.039927,nan,nan,nan,0,636857,5307.33540031,nan,nan,nan,nan,nan,nan,nan
1791576715.048307,nan,nan,nan,0,636858,5307.34373364,nan,nan,nan,nan,nan,nan,nan
1791576715.0566776,nan,nan,nan,0,636859,5307.35206697,nan,nan,nan,nan,nan,nan,nan
1791576715.0653496,nan,nan,nan,0,636860,5307.3604003,nan,nan,nan,nan,nan,nan,nan
1791576715.0737352,nan,nan,nan,0,636861,5307.36873363,nan,nan,nan,nan,nan,nan,nan
1791576715.082136,nan,nan,nan,0,636862,5307.37706696,nan,nan,nan,nan,nan,nan,nan
1791576715.0899706,nan,nan,nan,0,636863,5307.38540029,nan,nan,nan,nan,nan,nan,nan
1791576715.0982325,nan,nan,nan,0,636864,5307.39373362,nan,nan,nan,nan,nan,nan,nan
1791576715.1066475,nan,nan,nan,0,636865,5307.40206695,nan,nan,nan,nan,nan,nan,nan
1791576715.1153271,nan,nan,nan,0,636866,5307.41040028,nan,nan,nan,nan,nan,nan,nan
1791576715.1235158,nan,nan,nan,0,636867,5307.41873361,nan,nan,nan,nan,nan,nan,nan
1791576715.1318188,nan,nan,nan,0,636868,5307.42706694,nan,nan,nan,nan,nan,nan,nan
1791576715.1400776,nan,nan,nan,0,636869,5307.43540027,nan,nan,nan,nan,nan,nan,nan
1791576715.1491227,nan,nan,nan,0,636870,5307.4437336,nan,nan,nan,nan,nan,nan,nan
1791576715.1565428,nan,nan,nan,0,636871,5307.45206693,nan,nan,nan,nan,nan,nan,nan
1791576715.1650517,nan,nan,nan,0,636872,5307.46040026,nan,nan,nan,nan,nan,nan,nan
1791576715.1733549,nan,nan,nan,0,636873,5307.46873359,nan,nan,nan,nan,nan,nan,nan
1791576715.1816201,nan,nan,nan,0,636874,5307.47706692,nan,nan,nan,nan,nan,nan,nan
1791576715.1903841,nan,nan,nan,0,636875,5307.48540025,nan,nan,nan,nan,nan,nan,nan
1791576715.19863,nan,nan,nan,0,636876,5307.49373358,nan,nan,nan,nan,nan,nan,nan
1791576715.209152,nan,nan,nan,0,636877,5307.50206691,nan,nan,nan,nan,nan,nan,nan
1791576715.2149904,nan,nan,nan,0,636878,5307.51040024,nan,nan,nan,nan,nan,nan,nan
1791576715.2234538,nan,nan,nan,0,636879,5307.51873357,nan,nan,nan,nan,nan,nan,nan
1791576715.2317455,nan,nan,nan,0,636880,5307.5270669,nan,nan,nan,nan,nan,nan,nan
1791576715.2399447,nan,nan,nan,0,636881,5307.53540023,nan,nan,nan,nan,nan,nan,nan
1791576715.2483091,nan,nan,nan,0,636882,5307.54373356,nan,nan,nan,nan,nan,nan,nan
1791576715.2568462,nan,nan,nan,0,636883,5307.55206689,nan,nan,nan,nan,nan,nan,nan
1791576715.265042,nan,nan,nan,0,636884,5307.56040022,nan,nan,nan,nan,nan,nan,nan
1791576715.2734716,nan,nan,nan,0,636885,5307.56873355,nan,nan,nan,nan,nan,nan,nan
1791576715.2818468,nan,nan,nan,0,636886,5307.57706688,nan,nan,nan,nan,nan,nan,nan
1791576715.2912946,nan,nan,nan,0,636887,5307.58540021,nan,nan,nan,nan,nan,nan,nan
1791576715.2983356,nan,nan,nan,0,636888,5307.59373354,nan,nan,nan,nan,nan,nan,nan
1791576715.3072176,nan,nan,nan,0,636889,5307.60206687,nan,nan,nan,nan,nan,nan,nan
1791576715.3161268,nan,nan,nan,0,636890,5307.6104002,nan,nan,nan,nan,nan,nan,nan
1791576715.3236952,nan,nan,nan,0,636891,5307.61873353,nan,nan,nan,nan,nan,nan,nan
1791576715.3322358,nan,nan,nan,0,636892,5307.62706686,nan,nan,nan,nan,nan,nan,nan
1791576715.3410735,nan,nan,nan,0,636893,5307.63540019,nan,nan,nan,nan,nan,nan,nan
1791576715.3483627,nan,nan,nan,0,636894,5307.64373352,nan,nan,nan,nan,nan,nan,nan
1791576715.3567674,nan,nan,nan,0,636895,5307.65206685,nan,nan,nan,nan,nan,nan,nan
1791576715.3652866,nan,nan,nan,0,636896,5307.66040018,nan,nan,nan,nan,nan,nan,nan
1791576715.3733974,nan,nan,nan,0,636897,5307.66873351,nan,nan,nan,nan,nan,nan,nan
1791576715.381739,nan,nan,nan,0,636898,5307.67706684,nan,nan,nan,nan,nan,nan,nan
1791576715.390113,nan,nan,nan,0,636899,5307.68540017,nan,nan,nan,nan,nan,nan,nan
1791576715.4019432,nan,nan,nan,0,636900,5307.6937335,nan,nan,nan,nan,nan,nan,nan
1791576715.4072282,nan,nan,nan,0,636901,5307.70206683,nan,nan,nan,nan,nan,nan,nan
1791576715.4151762,nan,nan,nan,0,636902,5307.71040016,nan,nan,nan,nan,nan,nan,nan
1791576715.4238257,nan,nan,nan,0,636903,5307.71873349,nan,nan,nan,nan,nan,nan,nan
1791576715.4326582,nan,nan,nan,0,636904,5307.72706682,nan,nan,nan,nan,nan,nan,nan
1791576715.4403431,nan,nan,nan,0,636905,5307.73540015,nan,nan,nan,nan,nan,nan,nan
1791576715.4515269,nan,nan,nan,0,636906,5307.74373348,nan,nan,nan,nan,nan,nan,nan
1791576715.4566803,nan,nan,nan,0,636907,5307.75206681,nan,nan,nan,nan,nan,nan,nan
1791576715.4656918,nan,nan,nan,0,636908,5307.76040014,nan,nan,nan,nan,nan,nan,nan
1791576715.473445,nan,nan,nan,0,636909,5307.76873347,nan,nan,nan,nan,nan,nan,nan
1791576715.4816127,nan,nan,nan,0,636910,5307.7770668,nan,nan,nan,nan,nan,nan,nan
1791576715.490366,nan,nan,nan,0,636911,5307.78540013,nan,nan,nan,nan,nan,nan,nan
1791576715.4983046,nan,nan,nan,0,636912,5307.79373346,nan,nan,nan,nan,nan,nan,nan
1791576715.5067847,nan,nan,nan,0,636913,5307.80206679,nan,nan,nan,nan,nan,nan,nan
1791576715.5149634,nan,nan,nan,0,636914,5307.81040012,nan,nan,nan,nan,nan,nan,nan
1791576715.523342,nan,nan,nan,0,636915,5307.81873345,nan,nan,nan,nan,nan,nan,nan
1791576715.5318184,nan,nan,nan,0,636916,5307.82706678,nan,nan,nan,nan,nan,nan,nan
1791576715.5399199,nan,nan,nan,0,636917,5307.83540011,nan,nan,nan,nan,nan,nan,nan
1791576715.5482564,nan,nan,nan,0,636918,5307.84373344,nan,nan,nan,nan,nan,nan,nan
1791576715.5566635,nan,nan,nan,0,636919,5307.85206677,nan,nan,nan,nan,nan,nan,nan
1791576715.5665224,nan,nan,nan,0,636920,5307.8604001,nan,nan,nan,nan,nan,nan,nan
1791576715.5753865,nan,nan,nan,0,636921,5307.86873343,nan,nan,nan,nan,nan,nan,nan
1791576715.5818577,nan,nan,nan,0,636922,5307.87706676,nan,nan,nan,nan,nan,nan,nan
1791576715.5899906,nan,nan,nan,0,636923,5307.88540009,nan,nan,nan,nan,nan,nan,nan
1791576715.5984063,nan,nan,nan,0,636924,5307.89373342,nan,nan,nan,nan,nan,nan,nan
1791576715.6068087,nan,nan,nan,0,636925,5307.90206675,nan,nan,nan,nan,nan,nan,nan
1791576715.615248,nan,nan,nan,0,636926,5307.91040008,nan,nan,nan,nan,nan,nan,nan
1791576715.6248076,nan,nan,nan,0,636927,5307.91873341,nan,nan,nan,nan,nan,nan,nan
1791576715.6316555,nan,nan,nan,0,636928,5307.92706674,nan,nan,nan,nan,nan,nan,nan
1791576715.6407907,nan,nan,nan,0,636929,5307.93540007,nan,nan,nan,nan,nan,nan,nan
1791576715.6491306,nan,nan,nan,0,636930,5307.9437334,nan,nan,nan,nan,nan,nan,nan
1791576715.6566005,nan,nan,nan,0,636931,5307.95206673,nan,nan,nan,nan,nan,nan,nan
1791576715.6653337,nan,nan,nan,0,636932,5307.96040006,nan,nan,nan,nan,nan,nan,nan
1791576715.6735857,nan,nan,nan,0,636933,5307.96873339,nan,nan,nan,nan,nan,nan,nan
1791576715.6816618,nan,nan,nan,0,636934,5307.97706672,nan,nan,nan,nan,nan,nan,nan
1791576715.6907032,nan,nan,nan,0,636935,5307.98540005,nan,nan,nan,nan,nan,nan,nan
1791576715.6983602,nan,nan,nan,0,636936,5307.99373338,nan,nan,nan,nan,nan,nan,nan
1791576715.7067635,nan,nan,nan,0,636937,5308.00206671,nan,nan,nan,nan,nan,nan,nan
1791576715.7150033,nan,nan,nan,0,636938,5308.01040004,nan,nan,nan,nan,nan,nan,nan
1791576715.7240696,nan,nan,nan,0,636939,5308.01873337,nan,nan,nan,nan,nan,nan,nan
1791576715.731679,nan,nan,nan,0,636940,5308.0270667,nan,nan,nan,nan,nan,nan,nan
1791576715.7407951,nan,nan,nan,0,636941,5308.03540003,nan,nan,nan,nan,nan,nan,nan
1791576715.7483811,nan,nan,nan,0,636942,5308.04373336,nan,nan,nan,nan,nan,nan,nan
1791576715.7568228,nan,nan,nan,0,636943,5308.05206669,nan,nan,nan,nan,nan,nan,nan
1791576715.7650838,nan,nan,nan,0,636944,5308.06040002,nan,nan,nan,nan,nan,nan,nan
1791576715.7738318,nan,nan,nan,0,636945,5308.06873335,nan,nan,nan,nan,nan,nan,nan
1791576715.7817938,nan,nan,nan,0,636946,5308.07706668,nan,nan,nan,nan,nan,nan,nan
1791576715.7904308,nan,nan,nan,0,636947,5308.08540001,nan,nan,nan,nan,nan,nan,nan
1791576715.7986076,nan,nan,nan,0,636948,5308.09373334,nan,nan,nan,nan,nan,nan,nan
1791576715.8068686,nan,nan,nan,0,636949,5308.10206667,nan,nan,nan,nan,nan,nan,nan
1791576715.815094,nan,nan,nan,0,636950,5308.1104,nan,nan,nan,nan,nan,nan,nan
1791576715.8234503,nan,nan,nan,0,636951,5308.11873333,nan,nan,nan,nan,nan,nan,nan
1791576715.8357148,nan,nan,nan,0,636952,5308.12706666,nan,nan,nan,nan,nan,nan,nan
1791576715.8414419,nan,nan,nan,0,636953,5308.13539999,nan,nan,nan,nan,nan,nan,nan
1791576715.848371,nan,nan,nan,0,636954,5308.14373332,nan,nan,nan,nan,nan,nan,nan
1791576715.856903,nan,nan,nan,0,636955,5308.15206665,nan,nan,nan,nan,nan,nan,nan
1791576715.865074,nan,nan,nan,0,636956,5308.16039998,nan,nan,nan,nan,nan,nan,nan
1791576715.8733976,nan,nan,nan,0,636957,5308.16873331,nan,nan,nan,nan,nan,nan,nan
1791576715.882149,nan,nan,nan,0,636958,5308.17706664,nan,nan,nan,nan,nan,nan,nan
1791576715.890102,nan,nan,nan,0,636959,5308.18539997,nan,nan,nan,nan,nan,nan,nan
1791576715.8984492,nan,nan,nan,0,636960,5308.1937333,nan,nan,nan,nan,nan,nan,nan
1791576715.9073558,nan,nan,nan,0,636961,5308.20206663,nan,nan,nan,nan,nan,nan,nan
1791576715.9159086,nan,nan,nan,0,636962,5308.21039996,nan,nan,nan,nan,nan,nan,nan
1791576715.9233544,nan,nan,nan,0,636963,5308.21873329,nan,nan,nan,nan,nan,nan,nan
1791576715.931737,nan,nan,nan,0,636964,5308.22706662,nan,nan,nan,nan,nan,nan,nan
1791576715.9423683,nan,nan,nan,0,636965,5308.23539995,nan,nan,nan,nan,nan,nan,nan
1791576715.9483812,nan,nan,nan,0,636966,5308.24373328,nan,nan,nan,nan,nan,nan,nan
1791576715.9566417,nan,nan,nan,0,636967,5308.25206661,nan,nan,nan,nan,nan,nan,nan
1791576715.9650683,nan,nan,nan,0,636968,5308.26039994,nan,nan,nan,nan,nan,nan,nan
1791576715.9734228,nan,nan,nan,0,636969,5308.26873327,nan,nan,nan,nan,nan,nan,nan
1791576715.9816062,nan,nan,nan,0,636970,5308.2770666,nan,nan,nan,nan,nan,nan,nan
1791576715.9899995,nan,nan,nan,0,636971,5308.28539993,nan,nan,nan,nan,nan,nan,nan
1791576715.9984035,nan,nan,nan,0,636972,5308.29373326,nan,nan,nan,nan,nan,nan,nan
1791576716.0067399,nan,nan,nan,0,636973,5308.30206659,nan,nan,nan,nan,nan,nan,nan
1791576716.0149965,nan,nan,nan,0,636974,5308.31039992,nan,nan,nan,nan,nan,nan,nan
1791576716.0234957,nan,nan,nan,0,636975,5308.31873325,nan,nan,nan,nan,nan,nan,nan
1791576716.0325778,nan,nan,nan,0,636976,5308.32706658,nan,nan,nan,nan,nan,nan,nan
1791576716.039982,nan,nan,nan,0,636977,5308.33539991,nan,nan,nan,nan,nan,nan,nan
1791576716.0482976,nan,nan,nan,0,636978,5308.34373324,nan,nan,nan,nan,nan,nan,nan
1791576716.056802,nan,nan,nan,0,636979,5308.35206657,nan,nan,nan,nan,nan,nan,nan
1791576716.0649164,nan,nan,nan,0,636980,5308.3603999,nan,nan,nan,nan,nan,nan,nan
1791576716.0735765,nan,nan,nan,0,636981,5308.36873323,nan,nan,nan,nan,nan,nan,nan
1791576716.081618,nan,nan,nan,0,636982,5308.37706656,nan,nan,nan,nan,nan,nan,nan
1791576716.0899704,nan,nan,nan,0,636983,5308.38539989,nan,nan,nan,nan,nan,nan,nan
1791576716.0982676,nan,nan,nan,0,636984,5308.39373322,nan,nan,nan,nan,nan,nan,nan
1791576716.1067715,nan,nan,nan,0,636985,5308.40206655,nan,nan,nan,nan,nan,nan,nan
1791576716.116082,nan,nan,nan,0,636986,5308.41039988,nan,nan,nan,nan,nan,nan,nan
1791576716.124693,nan,nan,nan,0,636987,5308.41873321,nan,nan,nan,nan,nan,nan,nan
1791576716.1326103,nan,nan,nan,0,636988,5308.42706654,nan,nan,nan,nan,nan,nan,nan
1791576716.1407404,nan,nan,nan,0,636989,5308.43539987,nan,nan,nan,nan,nan,nan,nan
1791576716.1493616,nan,nan,nan,0,636990,5308.4437332,nan,nan,nan,nan,nan,nan,nan
1791576716.1573243,nan,nan,nan,0,636991,5308.45206653,nan,nan,nan,nan,nan,nan,nan
1791576716.1661627,nan,nan,nan,0,636992,5308.46039986,nan,nan,nan,nan,nan,nan,nan
1791576716.1739213,nan,nan,nan,0,636993,5308.46873319,nan,nan,nan,nan,nan,nan,nan
1791576716.1822917,nan,nan,nan,0,636994,5308.47706652,nan,nan,nan,nan,nan,nan,nan
1791576716.1903174,nan,nan,nan,0,636995,5308.48539985,nan,nan,nan,nan,nan,nan,nan
1791576716.1985614,nan,nan,nan,0,636996,5308.49373318,nan,nan,nan,nan,nan,nan,nan
1791576716.2067938,nan,nan,nan,0,636997,5308.50206651,nan,nan,nan,nan,nan,nan,nan
1791576716.215116,nan,nan,nan,0,636998,5308.51039984,nan,nan,nan,nan,nan,nan,nan
1791576716.2236288,nan,nan,nan,0,636999,5308.51873317,nan,nan,nan,nan,nan,nan,nan
1791576716.23199,nan,nan,nan,0,637000,5308.5270665,nan,nan,nan,nan,nan,nan,nan
1791576716.2412403,nan,nan,nan,0,637001,5308.53539983,nan,nan,nan,nan,nan,nan,nan
1791576716.2484856,nan,nan,nan,0,637002,5308.54373316,nan,nan,nan,nan,nan,nan,nan
1791576716.2567909,nan,nan,nan,0,637003,5308.55206649,nan,nan,nan,nan,nan,nan,nan
1791576716.2657642,nan,nan,nan,0,637004,5308.56039982,nan,nan,nan,nan,nan,nan,nan
1791576716.2733219,nan,nan,nan,0,637005,5308.56873315,nan,nan,nan,nan,nan,nan,nan
1791576716.2817576,nan,nan,nan,0,637006,5308.57706648,nan,nan,nan,nan,nan,nan,nan
1791576716.2900753,nan,nan,nan,0,637007,5308.58539981,nan,nan,nan,nan,nan,nan,nan
1791576716.2983544,nan,nan,nan,0,637008,5308.59373314,nan,nan,nan,nan,nan,nan,nan
1791576716.3067653,nan,nan,nan,0,637009,5308.60206647,nan,nan,nan,nan,nan,nan,nan
1791576716.3151045,nan,nan,nan,0,637010,5308.6103998,nan,nan,nan,nan,nan,nan,nan
1791576716.3234413,nan,nan,nan,0,637011,5308.61873313,nan,nan,nan,nan,nan,nan,nan
1791576716.3322449,nan,nan,nan,0,637012,5308.62706646,nan,nan,nan,nan,nan,nan,nan
1791576716.3410335,nan,nan,nan,0,637013,5308.63539979,nan,nan,nan,nan,nan,nan,nan
1791576716.3483696,nan,nan,nan,0,637014,5308.64373312,nan,nan,nan,nan,nan,nan,nan
1791576716.3573923,nan,nan,nan,0,637015,5308.65206645,nan,nan,nan,nan,nan,nan,nan
1791576716.3650608,nan,nan,nan,0,637016,5308.66039978,nan,nan,nan,nan,nan,nan,nan
1791576716.3734066,nan,nan,nan,0,637017,5308.66873311,nan,nan,nan,nan,nan,nan,nan
1791576716.382483,nan,nan,nan,0,637018,5308.67706644,nan,nan,nan,nan,nan,nan,nan
1791576716.3899868,nan,nan,nan,0,637019,5308.68539977,nan,nan,nan,nan,nan,nan,nan
1791576716.398488,nan,nan,nan,0,637020,5308.6937331,nan,nan,nan,nan,nan,nan,nan
1791576716.4070404,nan,nan,nan,0,637021,5308.70206643,nan,nan,nan,nan,nan,nan,nan
1791576716.4150968,nan,nan,nan,0,637022,5308.71039976,nan,nan,nan,nan,nan,nan,nan
1791576716.4235907,nan,nan,nan,0,637023,5308.71873309,nan,nan,nan,nan,nan,nan,nan
1791576716.4317703,nan,nan,nan,0,637024,5308.72706642,nan,nan,nan,nan,nan,nan,nan
1791576716.4400446,nan,nan,nan,0,637025,5308.73539975,nan,nan,nan,nan,nan,nan,nan
1791576716.448381,nan,nan,nan,0,637026,5308.74373308,nan,nan,nan,nan,nan,nan,nan
1791576716.4567308,nan,nan,nan,0,637027,5308.75206641,nan,nan,nan,nan,nan,nan,nan
1791576716.464941,nan,nan,nan,0,637028,5308.76039974,nan,nan,nan,nan,nan,nan,nan
1791576716.4733386,nan,nan,nan,0,637029,5308.76873307,nan,nan,nan,nan,nan,nan,nan
1791576716.4821618,nan,nan,nan,0,637030,5308.7770664,nan,nan,nan,nan,nan,nan,nan
1791576716.490603,nan,nan,nan,0,637031,5308.78539973,nan,nan,nan,nan,nan,nan,nan
1791576716.4989357,nan,nan,nan,0,637032,5308.79373306,nan,nan,nan,nan,nan,nan,nan
1791576716.5069747,nan,nan,nan,0,637033,5308.80206639,nan,nan,nan,nan,nan,nan,nan
1791576716.51556,nan,nan,nan,0,637034,5308.81039972,nan,nan,nan,nan,nan,nan,nan
1791576716.523714,nan,nan,nan,0,637035,5308.81873305,nan,nan,nan,nan,nan,nan,nan
1791576716.5321922,nan,nan,nan,0,637036,5308.82706638,nan,nan,nan,nan,nan,nan,nan
1791576716.5406857,nan,nan,nan,0,637037,5308.83539971,nan,nan,nan,nan,nan,nan,nan
1791576716.5494251,nan,nan,nan,0,637038,5308.84373304,nan,nan,nan,nan,nan,nan,nan
1791576716.5572948,nan,nan,nan,0,637039,5308.85206637,nan,nan,nan,nan,nan,nan,nan
1791576716.5654762,nan,nan,nan,0,637040,5308.8603997,nan,nan,nan,nan,nan,nan,nan
1791576716.5734217,nan,nan,nan,0,637041,5308.86873303,nan,nan,nan,nan,nan,nan,nan
1791576716.5846786,nan,nan,nan,0,637042,5308.87706636,nan,nan,nan,nan,nan,nan,nan
1791576716.5899706,nan,nan,nan,0,637043,5308.88539969,nan,nan,nan,nan,nan,nan,nan
1791576716.5984282,nan,nan,nan,0,637044,5308.89373302,nan,nan,nan,nan,nan,nan,nan
1791576716.6075459,nan,nan,nan,0,637045,5308.90206635,nan,nan,nan,nan,nan,nan,nan
1791576716.6150866,nan,nan,nan,0,637046,5308.91039968,nan,nan,nan,nan,nan,nan,nan
1791576716.6234272,nan,nan,nan,0,637047,5308.91873301,nan,nan,nan,nan,nan,nan,nan
1791576716.631721,nan,nan,nan,0,637048,5308.92706634,nan,nan,nan,nan,nan,nan,nan
1791576716.6401365,nan,nan,nan,0,637049,5308.93539967,nan,nan,nan,nan,nan,nan,nan
1791576716.649058,nan,nan,nan,0,637050,5308.943733,nan,nan,nan,nan,nan,nan,nan
1791576716.656684,nan,nan,nan,0,637051,5308.95206633,nan,nan,nan,nan,nan,nan,nan
1791576716.6650705,nan,nan,nan,0,637052,5308.96039966,nan,nan,nan,nan,nan,nan,nan
1791576716.6734273,nan,nan,nan,0,637053,5308.96873299,nan,nan,nan,nan,nan,nan,nan
1791576716.6817293,nan,nan,nan,0,637054,5308.97706632,nan,nan,nan,nan,nan,nan,nan
1791576716.690661,nan,nan,nan,0,637055,5308.98539965,nan,nan,nan,nan,nan,nan,nan
1791576716.6983876,nan,nan,nan,0,637056,5308.99373298,nan,nan,nan,nan,nan,nan,nan
1791576716.7068694,nan,nan,nan,0,637057,5309.00206631,nan,nan,nan,nan,nan,nan,nan
1791576716.7151084,nan,nan,nan,0,637058,5309.01039964,nan,nan,nan,nan,nan,nan,nan
1791576716.7234557,nan,nan,nan,0,637059,5309.01873297,nan,nan,nan,nan,nan,nan,nan
1791576716.7328703,nan,nan,nan,0,637060,5309.0270663,nan,nan,nan,nan,nan,nan,nan
1791576716.740226,nan,nan,nan,0,637061,5309.03539963,nan,nan,nan,nan,nan,nan,nan
1791576716.7492557,nan,nan,nan,0,637062,5309.04373296,nan,nan,nan,nan,nan,nan,nan
1791576716.7567618,nan,nan,nan,0,637063,5309.05206629,nan,nan,nan,nan,nan,nan,nan
1791576716.7650788,nan,nan,nan,0,637064,5309.06039962,nan,nan,nan,nan,nan,nan,nan
1791576716.774052,nan,nan,nan,0,637065,5309.06873295,nan,nan,nan,nan,nan,nan,nan
1791576716.7821455,nan,nan,nan,0,637066,5309.07706628,nan,nan,nan,nan,nan,nan,nan
1791576716.7900586,nan,nan,nan,0,637067,5309.08539961,nan,nan,nan,nan,nan,nan,nan
1791576716.79887,nan,nan,nan,0,637068,5309.09373294,nan,nan,nan,nan,nan,nan,nan
1791576716.806856,nan,nan,nan,0,637069,5309.10206627,nan,nan,nan,nan,nan,nan,nan
1791576716.8152206,nan,nan,nan,0,637070,5309.1103996,nan,nan,nan,nan,nan,nan,nan
1791576716.8234959,nan,nan,nan,0,637071,5309.11873293,nan,nan,nan,nan,nan,nan,nan
1791576716.831959,nan,nan,nan,0,637072,5309.12706626,nan,nan,nan,nan,nan,nan,nan
1791576716.8407133,nan,nan,nan,0,637073,5309.13539959,nan,nan,nan,nan,nan,nan,nan
1791576716.8485832,nan,nan,nan,0,637074,5309.14373292,nan,nan,nan,nan,nan,nan,nan
1791576716.8568432,nan,nan,nan,0,637075,5309.15206625,nan,nan,nan,nan,nan,nan,nan
1791576716.8651466,nan,nan,nan,0,637076,5309.16039958,nan,nan,nan,nan,nan,nan,nan
1791576716.8735752,nan,nan,nan,0,637077,5309.16873291,nan,nan,nan,nan,nan,nan,nan
1791576716.8843348,nan,nan,nan,0,637078,5309.17706624,nan,nan,nan,nan,nan,nan,nan
1791576716.8930855,nan,nan,nan,0,637079,5309.18539957,nan,nan,nan,nan,nan,nan,nan
1791576716.8994334,nan,nan,nan,0,637080,5309.1937329,nan,nan,nan,nan,nan,nan,nan
1791576716.9072096,nan,nan,nan,0,637081,5309.20206623,nan,nan,nan,nan,nan,nan,nan
1791576716.9154692,nan,nan,nan,0,637082,5309.21039956,nan,nan,nan,nan,nan,nan,nan
1791576716.9242716,nan,nan,nan,0,637083,5309.21873289,nan,nan,nan,nan,nan,nan,nan
1791576716.9345858,nan,nan,nan,0,637084,5309.22706622,nan,nan,nan,nan,nan,nan,nan
1791576716.9405932,nan,nan,nan,0,637085,5309.23539955,nan,nan,nan,nan,nan,nan,nan
1791576716.9486358,nan,nan,nan,0,637086,5309.24373288,nan,nan,nan,nan,nan,nan,nan
1791576716.959263,nan,nan,nan,0,637087,5309.25206621,nan,nan,nan,nan,nan,nan,nan
1791576716.964942,nan,nan,nan,0,637088,5309.26039954,nan,nan,nan,nan,nan,nan,nan
1791576716.9733334,nan,nan,nan,0,637089,5309.26873287,nan,nan,nan,nan,nan,nan,nan
1791576716.9816325,nan,nan,nan,0,637090,5309.2770662,nan,nan,nan,nan,nan,nan,nan
1791576716.9900362,nan,nan,nan,0,637091,5309.28539953,nan,nan,nan,nan,nan,nan,nan
1791576716.9983656,nan,nan,nan,0,637092,5309.29373286,nan,nan,nan,nan,nan,nan,nan
1791576717.0066788,nan,nan,nan,0,637093,5309.30206619,nan,nan,nan,nan,nan,nan,nan
1791576717.0152624,nan,nan,nan,0,637094,5309.31039952,nan,nan,nan,nan,nan,nan,nan
1791576717.0233235,nan,nan,nan,0,637095,5309.31873285,nan,nan,nan,nan,nan,nan,nan
1791576717.0317297,nan,nan,nan,0,637096,5309.32706618,nan,nan,nan,nan,nan,nan,nan
1791576717.040313,nan,nan,nan,0,637097,5309.33539951,nan,nan,nan,nan,nan,nan,nan
1791576717.0482938,nan,nan,nan,0,637098,5309.34373284,nan,nan,nan,nan,nan,nan,nan
1791576717.0569532,nan,nan,nan,0,637099,5309.35206617,nan,nan,nan,nan,nan,nan,nan
1791576717.0650923,nan,nan,nan,0,637100,5309.3603995,nan,nan,nan,nan,nan,nan,nan
1791576717.0755322,nan,nan,nan,0,637101,5309.36873283,nan,nan,nan,nan,nan,nan,nan
1791576717.082218,nan,nan,nan,0,637102,5309.37706616,nan,nan,nan,nan,nan,nan,nan
1791576717.0900245,nan,nan,nan,0,637103,5309.38539949,nan,nan,nan,nan,nan,nan,nan
1791576717.098666,nan,nan,nan,0,637104,5309.39373282,nan,nan,nan,nan,nan,nan,nan
1791576717.106708,nan,nan,nan,0,637105,5309.40206615,nan,nan,nan,nan,nan,nan,nan
1791576717.1150851,nan,nan,nan,0,637106,5309.41039948,nan,nan,nan,nan,nan,nan,nan
1791576717.1237116,nan,nan,nan,0,637107,5309.41873281,nan,nan,nan,nan,nan,nan,nan
1791576717.1318083,nan,nan,nan,0,637108,5309.42706614,nan,nan,nan,nan,nan,nan,nan
1791576717.140442,nan,nan,nan,0,637109,5309.43539947,nan,nan,nan,nan,nan,nan,nan
1791576717.1483276,nan,nan,nan,0,637110,5309.4437328,nan,nan,nan,nan,nan,nan,nan
1791576717.1566672,nan,nan,nan,0,637111,5309.45206613,nan,nan,nan,nan,nan,nan,nan
1791576717.1651366,nan,nan,nan,0,637112,5309.46039946,nan,nan,nan,nan,nan,nan,nan
1791576717.1733418,nan,nan,nan,0,637113,5309.46873279,nan,nan,nan,nan,nan,nan,nan
1791576717.1826963,nan,nan,nan,0,637114,5309.47706612,nan,nan,nan,nan,nan,nan,nan
1791576717.1900728,nan,nan,nan,0,637115,5309.48539945,nan,nan,nan,nan,nan,nan,nan
1791576717.1984653,nan,nan,nan,0,637116,5309.49373278,nan,nan,nan,nan,nan,nan,nan
1791576717.2066972,nan,nan,nan,0,637117,5309.50206611,nan,nan,nan,nan,nan,nan,nan
1791576717.2150555,nan,nan,nan,0,637118,5309.51039944,nan,nan,nan,nan,nan,nan,nan
1791576717.2232764,nan,nan,nan,0,637119,5309.51873277,nan,nan,nan,nan,nan,nan,nan
1791576717.2328277,nan,nan,nan,0,637120,5309.5270661,nan,nan,nan,nan,nan,nan,nan
1791576717.2402737,nan,nan,nan,0,637121,5309.53539943,nan,nan,nan,nan,nan,nan,nan
1791576717.2482,nan,nan,nan,0,637122,5309.54373276,nan,nan,nan,nan,nan,nan,nan
1791576717.2573843,nan,nan,nan,0,637123,5309.55206609,nan,nan,nan,nan,nan,nan,nan
1791576717.2654548,nan,nan,nan,0,637124,5309.56039942,nan,nan,nan,nan,nan,nan,nan
1791576717.2734988,nan,nan,nan,0,637125,5309.56873275,nan,nan,nan,nan,nan,nan,nan
1791576717.2817137,nan,nan,nan,0,637126,5309.57706608,nan,nan,nan,nan,nan,nan,nan
1791576717.2901213,nan,nan,nan,0,637127,5309.58539941,nan,nan,nan,nan,nan,nan,nan
1791576717.2986271,nan,nan,nan,0,637128,5309.59373274,nan,nan,nan,nan,nan,nan,nan
1791576717.3075001,nan,nan,nan,0,637129,5309.60206607,nan,nan,nan,nan,nan,nan,nan
1791576717.315015,nan,nan,nan,0,637130,5309.6103994,nan,nan,nan,nan,nan,nan,nan
1791576717.3231788,nan,nan,nan,0,637131,5309.61873273,nan,nan,nan,nan,nan,nan,nan
1791576717.332828,nan,nan,nan,0,637132,5309.62706606,nan,nan,nan,nan,nan,nan,nan
1791576717.3400137,nan,nan,nan,0,637133,5309.63539939,nan,nan,nan,nan,nan,nan,nan
1791576717.3485258,nan,nan,nan,0,637134,5309.64373272,nan,nan,nan,nan,nan,nan,nan
1791576717.3572578,nan,nan,nan,0,637135,5309.65206605,nan,nan,nan,nan,nan,nan,nan
1791576717.3649967,nan,nan,nan,0,637136,5309.66039938,nan,nan,nan,nan,nan,nan,nan
1791576717.373493,nan,nan,nan,0,637137,5309.66873271,nan,nan,nan,nan,nan,nan,nan
1791576717.381693,nan,nan,nan,0,637138,5309.67706604,nan,nan,nan,nan,nan,nan,nan
1791576717.3900232,nan,nan,nan,0,637139,5309.68539937,nan,nan,nan,nan,nan,nan,nan
1791576717.398344,nan,nan,nan,0,637140,5309.6937327,nan,nan,nan,nan,nan,nan,nan
1791576717.4066677,nan,nan,nan,0,637141,5309.70206603,nan,nan,nan,nan,nan,nan,nan
1791576717.4152427,nan,nan,nan,0,637142,5309.71039936,nan,nan,nan,nan,nan,nan,nan
1791576717.4234412,nan,nan,nan,0,637143,5309.71873269,nan,nan,nan,nan,nan,nan,nan
1791576717.4320774,nan,nan,nan,0,637144,5309.72706602,nan,nan,nan,nan,nan,nan,nan
1791576717.4410462,nan,nan,nan,0,637145,5309.73539935,nan,nan,nan,nan,nan,nan,nan
1791576717.448382,nan,nan,nan,0,637146,5309.74373268,nan,nan,nan,nan,nan,nan,nan
1791576717.4566827,nan,nan,nan,0,637147,5309.75206601,nan,nan,nan,nan,nan,nan,nan
1791576717.4658687,nan,nan,nan,0,637148,5309.76039934,nan,nan,nan,nan,nan,nan,nan
1791576717.47353,nan,nan,nan,0,637149,5309.76873267,nan,nan,nan,nan,nan,nan,nan
1791576717.4816766,nan,nan,nan,0,637150,5309.777066,nan,nan,nan,nan,nan,nan,nan
1791576717.490007,nan,nan,nan,0,637151,5309.78539933,nan,nan,nan,nan,nan,nan,nan
1791576717.498416,nan,nan,nan,0,637152,5309.79373266,nan,nan,nan,nan,nan,nan,nan
1791576717.5067923,nan,nan,nan,0,637153,5309.80206599,nan,nan,nan,nan,nan,nan,nan
1791576717.5150385,nan,nan,nan,0,637154,5309.81039932,nan,nan,nan,nan,nan,nan,nan
1791576717.5239203,nan,nan,nan,0,637155,5309.81873265,nan,nan,nan,nan,nan,nan,nan
1791576717.5319695,nan,nan,nan,0,637156,5309.82706598,nan,nan,nan,nan,nan,nan,nan
1791576717.5400717,nan,nan,nan,0,637157,5309.83539931,nan,nan,nan,nan,nan,nan,nan
1791576717.54886,nan,nan,nan,0,637158,5309.84373264,nan,nan,nan,nan,nan,nan,nan
1791576717.5568147,nan,nan,nan,0,637159,5309.85206597,nan,nan,nan,nan,nan,nan,nan
1791576717.5655303,nan,nan,nan,0,637160,5309.8603993,nan,nan,nan,nan,nan,nan,nan
1791576717.5740283,nan,nan,nan,0,637161,5309.86873263,nan,nan,nan,nan,nan,nan,nan
1791576717.5819106,nan,nan,nan,0,637162,5309.87706596,nan,nan,nan,nan,nan,nan,nan
1791576717.5899608,nan,nan,nan,0,637163,5309.88539929,nan,nan,nan,nan,nan,nan,nan
1791576717.6000738,nan,nan,nan,0,637164,5309.89373262,nan,nan,nan,nan,nan,nan,nan
1791576717.6066375,nan,nan,nan,0,637165,5309.90206595,nan,nan,nan,nan,nan,nan,nan
1791576717.6151555,nan,nan,nan,0,637166,5309.91039928,nan,nan,nan,nan,nan,nan,nan
1791576717.6233542,nan,nan,nan,0,637167,5309.91873261,nan,nan,nan,nan,nan,nan,nan
1791576717.6324344,nan,nan,nan,0,637168,5309.92706594,nan,nan,nan,nan,nan,nan,nan
1791576717.64006,nan,nan,nan,0,637169,5309.93539927,nan,nan,nan,nan,nan,nan,nan
1791576717.6490326,nan,nan,nan,0,637170,5309.9437326,nan,nan,nan,nan,nan,nan,nan
1791576717.6566498,nan,nan,nan,0,637171,5309.95206593,nan,nan,nan,nan,nan,nan,nan
1791576717.665133,nan,nan,nan,0,637172,5309.96039926,nan,nan,nan,nan,nan,nan,nan
1791576717.6733885,nan,nan,nan,0,637173,5309.96873259,nan,nan,nan,nan,nan,nan,nan
1791576717.681837,nan,nan,nan,0,637174,5309.97706592,nan,nan,nan,nan,nan,nan,nan
1791576717.690324,nan,nan,nan,0,637175,5309.98539925,nan,nan,nan,nan,nan,nan,nan
1791576717.6984432,nan,nan,nan,0,637176,5309.99373258,nan,nan,nan,nan,nan,nan,nan
1791576717.7068446,nan,nan,nan,0,637177,5310.00206591,nan,nan,nan,nan,nan,nan,nan
1791576717.7151256,nan,nan,nan,0,637178,5310.01039924,nan,nan,nan,nan,nan,nan,nan
1791576717.7234886,nan,nan,nan,0,637179,5310.01873257,nan,nan,nan,nan,nan,nan,nan
1791576717.7322197,nan,nan,nan,0,637180,5310.0270659,nan,nan,nan,nan,nan,nan,nan
1791576717.7400265,nan,nan,nan,0,637181,5310.03539923,nan,nan,nan,nan,nan,nan,nan
1791576717.7487621,nan,nan,nan,0,637182,5310.04373256,nan,nan,nan,nan,nan,nan,nan
1791576717.7567704,nan,nan,nan,0,637183,5310.05206589,nan,nan,nan,nan,nan,nan,nan
1791576717.76512,nan,nan,nan,0,637184,5310.06039922,nan,nan,nan,nan,nan,nan,nan
1791576717.7741182,nan,nan,nan,0,637185,5310.06873255,nan,nan,nan,nan,nan,nan,nan
1791576717.7817404,nan,nan,nan,0,637186,5310.07706588,nan,nan,nan,nan,nan,nan,nan
1791576717.7943952,nan,nan,nan,0,637187,5310.08539921,nan,nan,nan,nan,nan,nan,nan
1791576717.7984588,nan,nan,nan,0,637188,5310.09373254,nan,nan,nan,nan,nan,nan,nan
1791576717.8068218,nan,nan,nan,0,637189,5310.10206587,nan,nan,nan,nan,nan,nan,nan
1791576717.8153424,nan,nan,nan,0,637190,5310.1103992,nan,nan,nan,nan,nan,nan,nan
1791576717.8235037,nan,nan,nan,0,637191,5310.11873253,nan,nan,nan,nan,nan,nan,nan
1791576717.8336143,nan,nan,nan,0,637192,5310.12706586,nan,nan,nan,nan,nan,nan,nan
1791576717.8399773,nan,nan,nan,0,637193,5310.13539919,nan,nan,nan,nan,nan,nan,nan
1791576717.8484926,nan,nan,nan,0,637194,5310.14373252,nan,nan,nan,nan,nan,nan,nan
1791576717.8567882,nan,nan,nan,0,637195,5310.15206585,nan,nan,nan,nan,nan,nan,nan
1791576717.8651283,nan,nan,nan,0,637196,5310.16039918,nan,nan,nan,nan,nan,nan,nan
1791576717.874527,nan,nan,nan,0,637197,5310.16873251,nan,nan,nan,nan,nan,nan,nan
1791576717.8820972,nan,nan,nan,0,637198,5310.17706584,nan,nan,nan,nan,nan,nan,nan
1791576717.890242,nan,nan,nan,0,637199,5310.18539917,nan,nan,nan,nan,nan,nan,nan
1791576717.8989706,nan,nan,nan,0,637200,5310.1937325,nan,nan,nan,nan,nan,nan,nan
1791576717.9067955,nan,nan,nan,0,637201,5310.20206583,nan,nan,nan,nan,nan,nan,nan
1791576717.9152455,nan,nan,nan,0,637202,5310.21039916,nan,nan,nan,nan,nan,nan,nan
1791576717.9236329,nan,nan,nan,0,637203,5310.21873249,nan,nan,nan,nan,nan,nan,nan
1791576717.931816,nan,nan,nan,0,637204,5310.22706582,nan,nan,nan,nan,nan,nan,nan
1791576717.9407537,nan,nan,nan,0,637205,5310.23539915,nan,nan,nan,nan,nan,nan,nan
1791576717.9494853,nan,nan,nan,0,637206,5310.24373248,nan,nan,nan,nan,nan,nan,nan
1791576717.9569147,nan,nan,nan,0,637207,5310.25206581,nan,nan,nan,nan,nan,nan,nan
1791576717.9650426,nan,nan,nan,0,637208,5310.26039914,nan,nan,nan,nan,nan,nan,nan
1791576717.973418,nan,nan,nan,0,637209,5310.26873247,nan,nan,nan,nan,nan,nan,nan
1791576717.9825573,nan,nan,nan,0,637210,5310.2770658,nan,nan,nan,nan,nan,nan,nan
1791576717.9899993,nan,nan,nan,0,637211,5310.28539913,nan,nan,nan,nan,nan,nan,nan
1791576717.9986115,nan,nan,nan,0,637212,5310.29373246,nan,nan,nan,nan,nan,nan,nan
1791576718.0070357,nan,nan,nan,0,637213,5310.30206579,nan,nan,nan,nan,nan,nan,nan
1791576718.015094,nan,nan,nan,0,637214,5310.31039912,nan,nan,nan,nan,nan,nan,nan
1791576718.0233784,nan,nan,nan,0,637215,5310.31873245,nan,nan,nan,nan,nan,nan,nan
1791576718.0316272,nan,nan,nan,0,637216,5310.32706578,nan,nan,nan,nan,nan,nan,nan
1791576718.040104,nan,nan,nan,0,637217,5310.33539911,nan,nan,nan,nan,nan,nan,nan
1791576718.0483778,nan,nan,nan,0,637218,5310.34373244,nan,nan,nan,nan,nan,nan,nan
1791576718.0567474,nan,nan,nan,0,637219,5310.35206577,nan,nan,nan,nan,nan,nan,nan
1791576718.065416,nan,nan,nan,0,637220,5310.3603991,nan,nan,nan,nan,nan,nan,nan
1791576718.0745344,nan,nan,nan,0,637221,5310.36873243,nan,nan,nan,nan,nan,nan,nan
1791576718.0830483,nan,nan,nan,0,637222,5310.37706576,nan,nan,nan,nan,nan,nan,nan
1791576718.0902195,nan,nan,nan,0,637223,5310.38539909,nan,nan,nan,nan,nan,nan,nan
1791576718.0987449,nan,nan,nan,0,637224,5310.39373242,nan,nan,nan,nan,nan,nan,nan
1791576718.1069746,nan,nan,nan,0,637225,5310.40206575,nan,nan,nan,nan,nan,nan,nan
1791576718.115003,nan,nan,nan,0,637226,5310.41039908,nan,nan,nan,nan,nan,nan,nan
1791576718.1235309,nan,nan,nan,0,637227,5310.41873241,nan,nan,nan,nan,nan,nan,nan
1791576718.133183,nan,nan,nan,0,637228,5310.42706574,nan,nan,nan,nan,nan,nan,nan
1791576718.1399841,nan,nan,nan,0,637229,5310.43539907,nan,nan,nan,nan,nan,nan,nan
1791576718.148337,nan,nan,nan,0,637230,5310.4437324,nan,nan,nan,nan,nan,nan,nan
1791576718.156763,nan,nan,nan,0,637231,5310.45206573,nan,nan,nan,nan,nan,nan,nan
1791576718.1654527,nan,nan,nan,0,637232,5310.46039906,nan,nan,nan,nan,nan,nan,nan
1791576718.1744146,nan,nan,nan,0,637233,5310.46873239,nan,nan,nan,nan,nan,nan,nan
1791576718.1835697,nan,nan,nan,0,637234,5310.47706572,nan,nan,nan,nan,nan,nan,nan
1791576718.1907952,nan,nan,nan,0,637235,5310.48539905,nan,nan,nan,nan,nan,nan,nan
1791576718.1989934,nan,nan,nan,0,637236,5310.49373238,nan,nan,nan,nan,nan,nan,nan
1791576718.2074974,nan,nan,nan,0,637237,5310.50206571,nan,nan,nan,nan,nan,nan,nan
1791576718.215564,nan,nan,nan,0,637238,5310.51039904,nan,nan,nan,nan,nan,nan,nan
1791576718.2237647,nan,nan,nan,0,637239,5310.51873237,nan,nan,nan,nan,nan,nan,nan
1791576718.2324939,nan,nan,nan,0,637240,5310.5270657,nan,nan,nan,nan,nan,nan,nan
1791576718.2410655,nan,nan,nan,0,637241,5310.53539903,nan,nan,nan,nan,nan,nan,nan
1791576718.2485125,nan,nan,nan,0,637242,5310.54373236,nan,nan,nan,nan,nan,nan,nan
1791576718.2567265,nan,nan,nan,0,637243,5310.55206569,nan,nan,nan,nan,nan,nan,nan
1791576718.265634,nan,nan,nan,0,637244,5310.56039902,nan,nan,nan,nan,nan,nan,nan
1791576718.273364,nan,nan,nan,0,637245,5310.56873235,nan,nan,nan,nan,nan,nan,nan
1791576718.2817216,nan,nan,nan,0,637246,5310.57706568,nan,nan,nan,nan,nan,nan,nan
1791576718.2907066,nan,nan,nan,0,637247,5310.58539901,nan,nan,nan,nan,nan,nan,nan
1791576718.2984622,nan,nan,nan,0,637248,5310.59373234,nan,nan,nan,nan,nan,nan,nan
1791576718.3068485,nan,nan,nan,0,637249,5310.60206567,nan,nan,nan,nan,nan,nan,nan
1791576718.316941,nan,nan,nan,0,637250,5310.610399,nan,nan,nan,nan,nan,nan,nan
1791576718.323493,nan,nan,nan,0,637251,5310.61873233,nan,nan,nan,nan,nan,nan,nan
1791576718.3333466,nan,nan,nan,0,637252,5310.62706566,nan,nan,nan,nan,nan,nan,nan
1791576718.3401494,nan,nan,nan,0,637253,5310.63539899,nan,nan,nan,nan,nan,nan,nan
1791576718.3484771,nan,nan,nan,0,637254,5310.64373232,nan,nan,nan,nan,nan,nan,nan
1791576718.3567283,nan,nan,nan,0,637255,5310.65206565,nan,nan,nan,nan,nan,nan,nan
1791576718.3650584,nan,nan,nan,0,637256,5310.66039898,nan,nan,nan,nan,nan,nan,nan
1791576718.3739414,nan,nan,nan,0,637257,5310.66873231,nan,nan,nan,nan,nan,nan,nan
1791576718.3817515,nan,nan,nan,0,637258,5310.67706564,nan,nan,nan,nan,nan,nan,nan
1791576718.39051,nan,nan,nan,0,637259,5310.68539897,nan,nan,nan,nan,nan,nan,nan
1791576718.3984692,nan,nan,nan,0,637260,5310.6937323,nan,nan,nan,nan,nan,nan,nan
1791576718.406857,nan,nan,nan,0,637261,5310.70206563,nan,nan,nan,nan,nan,nan,nan
1791576718.4151208,nan,nan,nan,0,637262,5310.71039896,nan,nan,nan,nan,nan,nan,nan
1791576718.4234092,nan,nan,nan,0,637263,5310.71873229,nan,nan,nan,nan,nan,nan,nan
1791576718.4323008,nan,nan,nan,0,637264,5310.72706562,nan,nan,nan,nan,nan,nan,nan
1791576718.43999,nan,nan,nan,0,637265,5310.73539895,nan,nan,nan,nan,nan,nan,nan
1791576718.4484158,nan,nan,nan,0,637266,5310.74373228,nan,nan,nan,nan,nan,nan,nan
1791576718.4566822,nan,nan,nan,0,637267,5310.75206561,nan,nan,nan,nan,nan,nan,nan
1791576718.4654202,nan,nan,nan,0,637268,5310.76039894,nan,nan,nan,nan,nan,nan,nan
1791576718.4733975,nan,nan,nan,0,637269,5310.76873227,nan,nan,nan,nan,nan,nan,nan
1791576718.4816394,nan,nan,nan,0,637270,5310.7770656,nan,nan,nan,nan,nan,nan,nan
1791576718.4904988,nan,nan,nan,0,637271,5310.78539893,nan,nan,nan,nan,nan,nan,nan
1791576718.498369,nan,nan,nan,0,637272,5310.79373226,nan,nan,nan,nan,nan,nan,nan
1791576718.5100632,nan,nan,nan,0,637273,5310.80206559,nan,nan,nan,nan,nan,nan,nan
1791576718.5149462,nan,nan,nan,0,637274,5310.81039892,nan,nan,nan,nan,nan,nan,nan
1791576718.5232604,nan,nan,nan,0,637275,5310.81873225,nan,nan,nan,nan,nan,nan,nan
1791576718.531617,nan,nan,nan,0,637276,5310.82706558,nan,nan,nan,nan,nan,nan,nan
1791576718.5400686,nan,nan,nan,0,637277,5310.83539891,nan,nan,nan,nan,nan,nan,nan
1791576718.5486698,nan,nan,nan,0,637278,5310.84373224,nan,nan,nan,nan,nan,nan,nan
1791576718.5568643,nan,nan,nan,0,637279,5310.85206557,nan,nan,nan,nan,nan,nan,nan
1791576718.5650027,nan,nan,nan,0,637280,5310.8603989,nan,nan,nan,nan,nan,nan,nan
1791576718.573689,nan,nan,nan,0,637281,5310.86873223,nan,nan,nan,nan,nan,nan,nan
1791576718.5816061,nan,nan,nan,0,637282,5310.87706556,nan,nan,nan,nan,nan,nan,nan
1791576718.5901551,nan,nan,nan,0,637283,5310.88539889,nan,nan,nan,nan,nan,nan,nan
1791576718.598399,nan,nan,nan,0,637284,5310.89373222,nan,nan,nan,nan,nan,nan,nan
1791576718.6066914,nan,nan,nan,0,637285,5310.90206555,nan,nan,nan,nan,nan,nan,nan
1791576718.6156943,nan,nan,nan,0,637286,5310.91039888,nan,nan,nan,nan,nan,nan,nan
1791576718.623722,nan,nan,nan,0,637287,5310.91873221,nan,nan,nan,nan,nan,nan,nan
1791576718.6317992,nan,nan,nan,0,637288,5310.92706554,nan,nan,nan,nan,nan,nan,nan
1791576718.6401196,nan,nan,nan,0,637289,5310.93539887,nan,nan,nan,nan,nan,nan,nan
1791576718.6482706,nan,nan,nan,0,637290,5310.9437322,nan,nan,nan,nan,nan,nan,nan
1791576718.6567924,nan,nan,nan,0,637291,5310.95206553,nan,nan,nan,nan,nan,nan,nan
1791576718.6651337,nan,nan,nan,0,637292,5310.96039886,nan,nan,nan,nan,nan,nan,nan
1791576718.6738806,nan,nan,nan,0,637293,5310.96873219,nan,nan,nan,nan,nan,nan,nan
1791576718.6824644,nan,nan,nan,0,637294,5310.97706552,nan,nan,nan,nan,nan,nan,nan
1791576718.6903114,nan,nan,nan,0,637295,5310.98539885,nan,nan,nan,nan,nan,nan,nan
1791576718.6991181,nan,nan,nan,0,637296,5310.99373218,nan,nan,nan,nan,nan,nan,nan
1791576718.7069347,nan,nan,nan,0,637297,5311.00206551,nan,nan,nan,nan,nan,nan,nan
1791576718.7156703,nan,nan,nan,0,637298,5311.01039884,nan,nan,nan,nan,nan,nan,nan
1791576718.7234943,nan,nan,nan,0,637299,5311.01873217,nan,nan,nan,nan,nan,nan,nan
1791576718.732171,nan,nan,nan,0,637300,5311.0270655,nan,nan,nan,nan,nan,nan,nan
1791576718.741688,nan,nan,nan,0,637301,5311.03539883,nan,nan,nan,nan,nan,nan,nan
1791576718.7483325,nan,nan,nan,0,637302,5311.04373216,nan,nan,nan,nan,nan,nan,nan
1791576718.7567966,nan,nan,nan,0,637303,5311.05206549,nan,nan,nan,nan,nan,nan,nan
1791576718.7651472,nan,nan,nan,0,637304,5311.06039882,nan,nan,nan,nan,nan,nan,nan
1791576718.7741036,nan,nan,nan,0,637305,5311.06873215,nan,nan,nan,nan,nan,nan,nan
1791576718.781896,nan,nan,nan,0,637306,5311.07706548,nan,nan,nan,nan,nan,nan,nan
1791576718.7903576,nan,nan,nan,0,637307,5311.08539881,nan,nan,nan,nan,nan,nan,nan
1791576718.7988508,nan,nan,nan,0,637308,5311.09373214,nan,nan,nan,nan,nan,nan,nan
1791576718.806738,nan,nan,nan,0,637309,5311.10206547,nan,nan,nan,nan,nan,nan,nan
1791576718.815608,nan,nan,nan,0,637310,5311.1103988,nan,nan,nan,nan,nan,nan,nan
1791576718.823464,nan,nan,nan,0,637311,5311.11873213,nan,nan,nan,nan,nan,nan,nan
1791576718.832091,nan,nan,nan,0,637312,5311.12706546,nan,nan,nan,nan,nan,nan,nan
1791576718.8403676,nan,nan,nan,0,637313,5311.13539879,nan,nan,nan,nan,nan,nan,nan
1791576718.848366,nan,nan,nan,0,637314,5311.14373212,nan,nan,nan,nan,nan,nan,nan
1791576718.8569121,nan,nan,nan,0,637315,5311.15206545,nan,nan,nan,nan,nan,nan,nan
1791576718.8651085,nan,nan,nan,0,637316,5311.16039878,nan,nan,nan,nan,nan,nan,nan
1791576718.873539,nan,nan,nan,0,637317,5311.16873211,nan,nan,nan,nan,nan,nan,nan
1791576718.8817937,nan,nan,nan,0,637318,5311.17706544,nan,nan,nan,nan,nan,nan,nan
1791576718.8902252,nan,nan,nan,0,637319,5311.18539877,nan,nan,nan,nan,nan,nan,nan
1791576718.8984764,nan,nan,nan,0,637320,5311.1937321,nan,nan,nan,nan,nan,nan,nan
1791576718.9069312,nan,nan,nan,0,637321,5311.20206543,nan,nan,nan,nan,nan,nan,nan
1791576718.9151871,nan,nan,nan,0,637322,5311.21039876,nan,nan,nan,nan,nan,nan,nan
1791576718.9237077,nan,nan,nan,0,637323,5311.21873209,nan,nan,nan,nan,nan,nan,nan
1791576718.933062,nan,nan,nan,0,637324,5311.22706542,nan,nan,nan,nan,nan,nan,nan
1791576718.940684,nan,nan,nan,0,637325,5311.23539875,nan,nan,nan,nan,nan,nan,nan
1791576718.9484348,nan,nan,nan,0,637326,5311.24373208,nan,nan,nan,nan,nan,nan,nan
1791576718.960388,nan,nan,nan,0,637327,5311.25206541,nan,nan,nan,nan,nan,nan,nan
1791576718.9655678,nan,nan,nan,0,637328,5311.26039874,nan,nan,nan,nan,nan,nan,nan
1791576718.9741127,nan,nan,nan,0,637329,5311.26873207,nan,nan,nan,nan,nan,nan,nan
1791576718.9826193,nan,nan,nan,0,637330,5311.2770654,nan,nan,nan,nan,nan,nan,nan
1791576718.990667,nan,nan,nan,0,637331,5311.28539873,nan,nan,nan,nan,nan,nan,nan
1791576718.9989414,nan,nan,nan,0,637332,5311.29373206,nan,nan,nan,nan,nan,nan,nan
1791576719.0073526,nan,nan,nan,0,637333,5311.30206539,nan,nan,nan,nan,nan,nan,nan
1791576719.0152636,nan,nan,nan,0,637334,5311.31039872,nan,nan,nan,nan,nan,nan,nan
1791576719.023751,nan,nan,nan,0,637335,5311.31873205,nan,nan,nan,nan,nan,nan,nan
1791576719.0332553,nan,nan,nan,0,637336,5311.32706538,nan,nan,nan,nan,nan,nan,nan
1791576719.0399234,nan,nan,nan,0,637337,5311.33539871,nan,nan,nan,nan,nan,nan,nan
1791576719.0482206,nan,nan,nan,0,637338,5311.34373204,nan,nan,nan,nan,nan,nan,nan
1791576719.0576289,nan,nan,nan,0,637339,5311.35206537,nan,nan,nan,nan,nan,nan,nan
1791576719.0650811,nan,nan,nan,0,637340,5311.3603987,nan,nan,nan,nan,nan,nan,nan
1791576719.0739908,nan,nan,nan,0,637341,5311.36873203,nan,nan,nan,nan,nan,nan,nan
1791576719.0816011,nan,nan,nan,0,637342,5311.37706536,nan,nan,nan,nan,nan,nan,nan
1791576719.09,nan,nan,nan,0,637343,5311.38539869,nan,nan,nan,nan,nan,nan,nan
1791576719.0983365,nan,nan,nan,0,637344,5311.39373202,nan,nan,nan,nan,nan,nan,nan
1791576719.1067393,nan,nan,nan,0,637345,5311.40206535,nan,nan,nan,nan,nan,nan,nan
1791576719.1155071,nan,nan,nan,0,637346,5311.41039868,nan,nan,nan,nan,nan,nan,nan
1791576719.1236777,nan,nan,nan,0,637347,5311.41873201,nan,nan,nan,nan,nan,nan,nan
1791576719.132737,nan,nan,nan,0,637348,5311.42706534,nan,nan,nan,nan,nan,nan,nan
1791576719.1402025,nan,nan,nan,0,637349,5311.43539867,nan,nan,nan,nan,nan,nan,nan
1791576719.1485763,nan,nan,nan,0,637350,5311.443732,nan,nan,nan,nan,nan,nan,nan
1791576719.1579645,nan,nan,nan,0,637351,5311.45206533,nan,nan,nan,nan,nan,nan,nan
1791576719.1651742,nan,nan,nan,0,637352,5311.46039866,nan,nan,nan,nan,nan,nan,nan
1791576719.1735356,nan,nan,nan,0,637353,5311.46873199,nan,nan,nan,nan,nan,nan,nan
1791576719.1819463,nan,nan,nan,0,637354,5311.47706532,nan,nan,nan,nan,nan,nan,nan
1791576719.190072,nan,nan,nan,0,637355,5311.48539865,nan,nan,nan,nan,nan,nan,nan
1791576719.1988754,nan,nan,nan,0,637356,5311.49373198,nan,nan,nan,nan,nan,nan,nan
1791576719.2076032,nan,nan,nan,0,637357,5311.50206531,nan,nan,nan,nan,nan,nan,nan
1791576719.215174,nan,nan,nan,0,637358,5311.51039864,nan,nan,nan,nan,nan,nan,nan
1791576719.2282372,nan,nan,nan,0,637359,5311.51873197,nan,nan,nan,nan,nan,nan,nan
1791576719.231721,nan,nan,nan,0,637360,5311.5270653,nan,nan,nan,nan,nan,nan,nan
1791576719.2406821,nan,nan,nan,0,637361,5311.53539863,nan,nan,nan,nan,nan,nan,nan
1791576719.249032,nan,nan,nan,0,637362,5311.54373196,nan,nan,nan,nan,nan,nan,nan
1791576719.2566717,nan,nan,nan,0,637363,5311.55206529,nan,nan,nan,nan,nan,nan,nan
1791576719.2651765,nan,nan,nan,0,637364,5311.56039862,nan,nan,nan,nan,nan,nan,nan
1791576719.2736955,nan,nan,nan,0,637365,5311.56873195,nan,nan,nan,nan,nan,nan,nan
1791576719.2822294,nan,nan,nan,0,637366,5311.57706528,nan,nan,nan,nan,nan,nan,nan
1791576719.2904506,nan,nan,nan,0,637367,5311.58539861,nan,nan,nan,nan,nan,nan,nan
1791576719.2984266,nan,nan,nan,0,637368,5311.59373194,nan,nan,nan,nan,nan,nan,nan
1791576719.3067853,nan,nan,nan,0,637369,5311.60206527,nan,nan,nan,nan,nan,nan,nan
1791576719.3157315,nan,nan,nan,0,637370,5311.6103986,nan,nan,nan,nan,nan,nan,nan
1791576719.3238232,nan,nan,nan,0,637371,5311.61873193,nan,nan,nan,nan,nan,nan,nan
1791576719.332603,nan,nan,nan,0,637372,5311.62706526,nan,nan,nan,nan,nan,nan,nan
1791576719.3414357,nan,nan,nan,0,637373,5311.63539859,nan,nan,nan,nan,nan,nan,nan
1791576719.3493476,nan,nan,nan,0,637374,5311.64373192,nan,nan,nan,nan,nan,nan,nan
1791576719.3570309,nan,nan,nan,0,637375,5311.65206525,nan,nan,nan,nan,nan,nan,nan
1791576719.3653266,nan,nan,nan,0,637376,5311.66039858,nan,nan,nan,nan,nan,nan,nan
1791576719.3748543,nan,nan,nan,0,637377,5311.66873191,nan,nan,nan,nan,nan,nan,nan
1791576719.382324,nan,nan,nan,0,637378,5311.67706524,nan,nan,nan,nan,nan,nan,nan
1791576719.3911886,nan,nan,nan,0,637379,5311.68539857,nan,nan,nan,nan,nan,nan,nan
1791576719.3987885,nan,nan,nan,0,637380,5311.6937319,nan,nan,nan,nan,nan,nan,nan
1791576719.4078317,nan,nan,nan,0,637381,5311.70206523,nan,nan,nan,nan,nan,nan,nan
1791576719.4156275,nan,nan,nan,0,637382,5311.71039856,nan,nan,nan,nan,nan,nan,nan
1791576719.423333,nan,nan,nan,0,637383,5311.71873189,nan,nan,nan,nan,nan,nan,nan
1791576719.4317575,nan,nan,nan,0,637384,5311.72706522,nan,nan,nan,nan,nan,nan,nan
1791576719.440382,nan,nan,nan,0,637385,5311.73539855,nan,nan,nan,nan,nan,nan,nan
1791576719.4483488,nan,nan,nan,0,637386,5311.74373188,nan,nan,nan,nan,nan,nan,nan
1791576719.4566147,nan,nan,nan,0,637387,5311.75206521,nan,nan,nan,nan,nan,nan,nan
1791576719.4649656,nan,nan,nan,0,637388,5311.76039854,nan,nan,nan,nan,nan,nan,nan
1791576719.4732416,nan,nan,nan,0,637389,5311.76873187,nan,nan,nan,nan,nan,nan,nan
1791576719.4816506,nan,nan,nan,0,637390,5311.7770652,nan,nan,nan,nan,nan,nan,nan
1791576719.489932,nan,nan,nan,0,637391,5311.78539853,nan,nan,nan,nan,nan,nan,nan
1791576719.498243,nan,nan,nan,0,637392,5311.79373186,nan,nan,nan,nan,nan,nan,nan
1791576719.506625,nan,nan,nan,0,637393,5311.80206519,nan,nan,nan,nan,nan,nan,nan
1791576719.51534,nan,nan,nan,0,637394,5311.81039852,nan,nan,nan,nan,nan,nan,nan
1791576719.523785,nan,nan,nan,0,637395,5311.81873185,nan,nan,nan,nan,nan,nan,nan
1791576719.5320184,nan,nan,nan,0,637396,5311.82706518,nan,nan,nan,nan,nan,nan,nan
1791576719.540051,nan,nan,nan,0,637397,5311.83539851,nan,nan,nan,nan,nan,nan,nan
1791576719.5483708,nan,nan,nan,0,637398,5311.84373184,nan,nan,nan,nan,nan,nan,nan
1791576719.5567136,nan,nan,nan,0,637399,5311.85206517,nan,nan,nan,nan,nan,nan,nan
1791576719.5652635,nan,nan,nan,0,637400,5311.8603985,nan,nan,nan,nan,nan,nan,nan
1791576719.573867,nan,nan,nan,0,637401,5311.86873183,nan,nan,nan,nan,nan,nan,nan
1791576719.5842257,nan,nan,nan,0,637402,5311.87706516,nan,nan,nan,nan,nan,nan,nan
1791576719.5901096,nan,nan,nan,0,637403,5311.88539849,nan,nan,nan,nan,nan,nan,nan
1791576719.5984435,nan,nan,nan,0,637404,5311.89373182,nan,nan,nan,nan,nan,nan,nan
1791576719.6067483,nan,nan,nan,0,637405,5311.90206515,nan,nan,nan,nan,nan,nan,nan
1791576719.6154308,nan,nan,nan,0,637406,5311.91039848,nan,nan,nan,nan,nan,nan,nan
1791576719.623403,nan,nan,nan,0,637407,5311.91873181,nan,nan,nan,nan,nan,nan,nan
1791576719.6317677,nan,nan,nan,0,637408,5311.92706514,nan,nan,nan,nan,nan,nan,nan
1791576719.6417906,nan,nan,nan,0,637409,5311.93539847,nan,nan,nan,nan,nan,nan,nan
1791576719.648304,nan,nan,nan,0,637410,5311.9437318,nan,nan,nan,nan,nan,nan,nan
1791576719.6566474,nan,nan,nan,0,637411,5311.95206513,nan,nan,nan,nan,nan,nan,nan
1791576719.6650906,nan,nan,nan,0,637412,5311.96039846,nan,nan,nan,nan,nan,nan,nan
1791576719.674193,nan,nan,nan,0,637413,5311.96873179,nan,nan,nan,nan,nan,nan,nan
1791576719.6826131,nan,nan,nan,0,637414,5311.97706512,nan,nan,nan,nan,nan,nan,nan
1791576719.6902432,nan,nan,nan,0,637415,5311.98539845,nan,nan,nan,nan,nan,nan,nan
1791576719.698537,nan,nan,nan,0,637416,5311.99373178,nan,nan,nan,nan,nan,nan,nan
1791576719.7067783,nan,nan,nan,0,637417,5312.00206511,nan,nan,nan,nan,nan,nan,nan
1791576719.7153823,nan,nan,nan,0,637418,5312.01039844,nan,nan,nan,nan,nan,nan,nan
1791576719.7234793,nan,nan,nan,0,637419,5312.01873177,nan,nan,nan,nan,nan,nan,nan
1791576719.731806,nan,nan,nan,0,637420,5312.0270651,nan,nan,nan,nan,nan,nan,nan
1791576719.740782,nan,nan,nan,0,637421,5312.03539843,nan,nan,nan,nan,nan,nan,nan
1791576719.748773,nan,nan,nan,0,637422,5312.04373176,nan,nan,nan,nan,nan,nan,nan
1791576719.7569609,nan,nan,nan,0,637423,5312.05206509,nan,nan,nan,nan,nan,nan,nan
1791576719.7649121,nan,nan,nan,0,637424,5312.06039842,nan,nan,nan,nan,nan,nan,nan
1791576719.7734046,nan,nan,nan,0,637425,5312.06873175,nan,nan,nan,nan,nan,nan,nan
1791576719.781943,nan,nan,nan,0,637426,5312.07706508,nan,nan,nan,nan,nan,nan,nan
1791576719.7903657,nan,nan,nan,0,637427,5312.08539841,nan,nan,nan,nan,nan,nan,nan
1791576719.7982686,nan,nan,nan,0,637428,5312.09373174,nan,nan,nan,nan,nan,nan,nan
1791576719.8072991,nan,nan,nan,0,637429,5312.10206507,nan,nan,nan,nan,nan,nan,nan
1791576719.8149796,nan,nan,nan,0,637430,5312.1103984,nan,nan,nan,nan,nan,nan,nan
1791576719.823363,nan,nan,nan,0,637431,5312.11873173,nan,nan,nan,nan,nan,nan,nan
1791576719.831802,nan,nan,nan,0,637432,5312.12706506,nan,nan,nan,nan,nan,nan,nan
1791576719.8400693,nan,nan,nan,0,637433,5312.13539839,nan,nan,nan,nan,nan,nan,nan
1791576719.8483791,nan,nan,nan,0,637434,5312.14373172,nan,nan,nan,nan,nan,nan,nan
1791576719.8568225,nan,nan,nan,0,637435,5312.15206505,nan,nan,nan,nan,nan,nan,nan
1791576719.8650975,nan,nan,nan,0,637436,5312.16039838,nan,nan,nan,nan,nan,nan,nan
1791576719.873455,nan,nan,nan,0,637437,5312.16873171,nan,nan,nan,nan,nan,nan,nan
1791576719.882296,nan,nan,nan,0,637438,5312.17706504,nan,nan,nan,nan,nan,nan,nan
1791576719.8903425,nan,nan,nan,0,637439,5312.18539837,nan,nan,nan,nan,nan,nan,nan
1791576719.89848,nan,nan,nan,0,637440,5312.1937317,nan,nan,nan,nan,nan,nan,nan
1791576719.9068866,nan,nan,nan,0,637441,5312.20206503,nan,nan,nan,nan,nan,nan,nan
1791576719.9152439,nan,nan,nan,0,637442,5312.21039836,nan,nan,nan,nan,nan,nan,nan
1791576719.924262,nan,nan,nan,0,637443,5312.21873169,nan,nan,nan,nan,nan,nan,nan
1791576719.9316406,nan,nan,nan,0,637444,5312.22706502,nan,nan,nan,nan,nan,nan,nan
1791576719.9422882,nan,nan,nan,0,637445,5312.23539835,nan,nan,nan,nan,nan,nan,nan
1791576719.9483712,nan,nan,nan,0,637446,5312.24373168,nan,nan,nan,nan,nan,nan,nan
1791576719.9567752,nan,nan,nan,0,637447,5312.25206501,nan,nan,nan,nan,nan,nan,nan
1791576719.9650443,nan,nan,nan,0,637448,5312.26039834,nan,nan,nan,nan,nan,nan,nan
1791576719.9733338,nan,nan,nan,0,637449,5312.26873167,nan,nan,nan,nan,nan,nan,nan
1791576719.981719,nan,nan,nan,0,637450,5312.277065,nan,nan,nan,nan,nan,nan,nan
1791576719.9901087,nan,nan,nan,0,637451,5312.28539833,nan,nan,nan,nan,nan,nan,nan
1791576719.9990737,nan,nan,nan,0,637452,5312.29373166,nan,nan,nan,nan,nan,nan,nan
1791576720.007354,nan,nan,nan,0,637453,5312.30206499,nan,nan,nan,nan,nan,nan,nan
1791576720.0155764,nan,nan,nan,0,637454,5312.31039832,nan,nan,nan,nan,nan,nan,nan
1791576720.0233364,nan,nan,nan,0,637455,5312.31873165,nan,nan,nan,nan,nan,nan,nan
1791576720.031773,nan,nan,nan,0,637456,5312.32706498,nan,nan,nan,nan,nan,nan,nan
1791576720.040698,nan,nan,nan,0,637457,5312.33539831,nan,nan,nan,nan,nan,nan,nan
1791576720.0495963,nan,nan,nan,0,637458,5312.34373164,nan,nan,nan,nan,nan,nan,nan
1791576720.057174,nan,nan,nan,0,637459,5312.35206497,nan,nan,nan,nan,nan,nan,nan
1791576720.0650578,nan,nan,nan,0,637460,5312.3603983,nan,nan,nan,nan,nan,nan,nan
1791576720.0747247,nan,nan,nan,0,637461,5312.36873163,nan,nan,nan,nan,nan,nan,nan
1791576720.0817354,nan,nan,nan,0,637462,5312.37706496,nan,nan,nan,nan,nan,nan,nan
1791576720.0903869,nan,nan,nan,0,637463,5312.38539829,nan,nan,nan,nan,nan,nan,nan
1791576720.098697,nan,nan,nan,0,637464,5312.39373162,nan,nan,nan,nan,nan,nan,nan
1791576720.1075125,nan,nan,nan,0,637465,5312.40206495,nan,nan,nan,nan,nan,nan,nan
1791576720.1153648,nan,nan,nan,0,637466,5312.41039828,nan,nan,nan,nan,nan,nan,nan
1791576720.1237504,nan,nan,nan,0,637467,5312.41873161,nan,nan,nan,nan,nan,nan,nan
1791576720.1329362,nan,nan,nan,0,637468,5312.42706494,nan,nan,nan,nan,nan,nan,nan
1791576720.140695,nan,nan,nan,0,637469,5312.43539827,nan,nan,nan,nan,nan,nan,nan
1791576720.1488671,nan,nan,nan,0,637470,5312.4437316,nan,nan,nan,nan,nan,nan,nan
1791576720.1574106,nan,nan,nan,0,637471,5312.45206493,nan,nan,nan,nan,nan,nan,nan
1791576720.1661696,nan,nan,nan,0,637472,5312.46039826,nan,nan,nan,nan,nan,nan,nan
1791576720.1738818,nan,nan,nan,0,637473,5312.46873159,nan,nan,nan,nan,nan,nan,nan
1791576720.1825237,nan,nan,nan,0,637474,5312.47706492,nan,nan,nan,nan,nan,nan,nan
1791576720.1904292,nan,nan,nan,0,637475,5312.48539825,nan,nan,nan,nan,nan,nan,nan
1791576720.1988735,nan,nan,nan,0,637476,5312.49373158,nan,nan,nan,nan,nan,nan,nan
1791576720.2068238,nan,nan,nan,0,637477,5312.50206491,nan,nan,nan,nan,nan,nan,nan
1791576720.2150717,nan,nan,nan,0,637478,5312.51039824,nan,nan,nan,nan,nan,nan,nan
1791576720.2234888,nan,nan,nan,0,637479,5312.51873157,nan,nan,nan,nan,nan,nan,nan
1791576720.231863,nan,nan,nan,0,637480,5312.5270649,nan,nan,nan,nan,nan,nan,nan
1791576720.2409031,nan,nan,nan,0,637481,5312.53539823,nan,nan,nan,nan,nan,nan,nan
1791576720.2488897,nan,nan,nan,0,637482,5312.54373156,nan,nan,nan,nan,nan,nan,nan
1791576720.2567222,nan,nan,nan,0,637483,5312.55206489,nan,nan,nan,nan,nan,nan,nan
1791576720.2652016,nan,nan,nan,0,637484,5312.56039822,nan,nan,nan,nan,nan,nan,nan
1791576720.2733576,nan,nan,nan,0,637485,5312.56873155,nan,nan,nan,nan,nan,nan,nan
1791576720.2818224,nan,nan,nan,0,637486,5312.57706488,nan,nan,nan,nan,nan,nan,nan
1791576720.289976,nan,nan,nan,0,637487,5312.58539821,nan,nan,nan,nan,nan,nan,nan
1791576720.298592,nan,nan,nan,0,637488,5312.59373154,nan,nan,nan,nan,nan,nan,nan
1791576720.306595,nan,nan,nan,0,637489,5312.60206487,nan,nan,nan,nan,nan,nan,nan
1791576720.315379,nan,nan,nan,0,637490,5312.6103982,nan,nan,nan,nan,nan,nan,nan
1791576720.3232815,nan,nan,nan,0,637491,5312.61873153,nan,nan,nan,nan,nan,nan,nan
1791576720.3316731,nan,nan,nan,0,637492,5312.62706486,nan,nan,nan,nan,nan,nan,nan
1791576720.3401177,nan,nan,nan,0,637493,5312.63539819,nan,nan,nan,nan,nan,nan,nan
1791576720.3487747,nan,nan,nan,0,637494,5312.64373152,nan,nan,nan,nan,nan,nan,nan
1791576720.3567505,nan,nan,nan,0,637495,5312.65206485,nan,nan,nan,nan,nan,nan,nan
1791576720.3650992,nan,nan,nan,0,637496,5312.66039818,nan,nan,nan,nan,nan,nan,nan
1791576720.3734975,nan,nan,nan,0,637497,5312.66873151,nan,nan,nan,nan,nan,nan,nan
1791576720.3816826,nan,nan,nan,0,637498,5312.67706484,nan,nan,nan,nan,nan,nan,nan
1791576720.3901315,nan,nan,nan,0,637499,5312.68539817,nan,nan,nan,nan,nan,nan,nan
1791576720.3984225,nan,nan,nan,0,637500,5312.6937315,nan,nan,nan,nan,nan,nan,nan
1791576720.4067445,nan,nan,nan,0,637501,5312.70206483,nan,nan,nan,nan,nan,nan,nan
1791576720.4149835,nan,nan,nan,0,637502,5312.71039816,nan,nan,nan,nan,nan,nan,nan
1791576720.4234228,nan,nan,nan,0,637503,5312.71873149,nan,nan,nan,nan,nan,nan,nan
1791576720.4321308,nan,nan,nan,0,637504,5312.72706482,nan,nan,nan,nan,nan,nan,nan
1791576720.4402888,nan,nan,nan,0,637505,5312.73539815,nan,nan,nan,nan,nan,nan,nan
1791576720.4483128,nan,nan,nan,0,637506,5312.74373148,nan,nan,nan,nan,nan,nan,nan
1791576720.4566977,nan,nan,nan,0,637507,5312.75206481,nan,nan,nan,nan,nan,nan,nan
1791576720.4650452,nan,nan,nan,0,637508,5312.76039814,nan,nan,nan,nan,nan,nan,nan
1791576720.473606,nan,nan,nan,0,637509,5312.76873147,nan,nan,nan,nan,nan,nan,nan
1791576720.4817722,nan,nan,nan,0,637510,5312.7770648,nan,nan,nan,nan,nan,nan,nan
1791576720.489988,nan,nan,nan,0,637511,5312.78539813,nan,nan,nan,nan,nan,nan,nan
1791576720.498372,nan,nan,nan,0,637512,5312.79373146,nan,nan,nan,nan,nan,nan,nan
1791576720.5066056,nan,nan,nan,0,637513,5312.80206479,nan,nan,nan,nan,nan,nan,nan
1791576720.515578,nan,nan,nan,0,637514,5312.81039812,nan,nan,nan,nan,nan,nan,nan
1791576720.5236704,nan,nan,nan,0,637515,5312.81873145,nan,nan,nan,nan,nan,nan,nan
1791576720.5316014,nan,nan,nan,0,637516,5312.82706478,nan,nan,nan,nan,nan,nan,nan
1791576720.5400019,nan,nan,nan,0,637517,5312.83539811,nan,nan,nan,nan,nan,nan,nan
1791576720.5484228,nan,nan,nan,0,637518,5312.84373144,nan,nan,nan,nan,nan,nan,nan
1791576720.55673,nan,nan,nan,0,637519,5312.85206477,nan,nan,nan,nan,nan,nan,nan
1791576720.564975,nan,nan,nan,0,637520,5312.8603981,nan,nan,nan,nan,nan,nan,nan
1791576720.5736325,nan,nan,nan,0,637521,5312.86873143,nan,nan,nan,nan,nan,nan,nan
1791576720.5816674,nan,nan,nan,0,637522,5312.87706476,nan,nan,nan,nan,nan,nan,nan
1791576720.59015,nan,nan,nan,0,637523,5312.88539809,nan,nan,nan,nan,nan,nan,nan
1791576720.599193,nan,nan,nan,0,637524,5312.89373142,nan,nan,nan,nan,nan,nan,nan
1791576720.6067371,nan,nan,nan,0,637525,5312.90206475,nan,nan,nan,nan,nan,nan,nan
1791576720.615098,nan,nan,nan,0,637526,5312.91039808,nan,nan,nan,nan,nan,nan,nan
1791576720.6234596,nan,nan,nan,0,637527,5312.91873141,nan,nan,nan,nan,nan,nan,nan
1791576720.6326387,nan,nan,nan,0,637528,5312.92706474,nan,nan,nan,nan,nan,nan,nan
1791576720.6412535,nan,nan,nan,0,637529,5312.93539807,nan,nan,nan,nan,nan,nan,nan
1791576720.6490452,nan,nan,nan,0,637530,5312.9437314,nan,nan,nan,nan,nan,nan,nan
1791576720.6566298,nan,nan,nan,0,637531,5312.95206473,nan,nan,nan,nan,nan,nan,nan
1791576720.665388,nan,nan,nan,0,637532,5312.96039806,nan,nan,nan,nan,nan,nan,nan
1791576720.6737685,nan,nan,nan,0,637533,5312.96873139,nan,nan,nan,nan,nan,nan,nan
1791576720.6819143,nan,nan,nan,0,637534,5312.97706472,nan,nan,nan,nan,nan,nan,nan
1791576720.6904762,nan,nan,nan,0,637535,5312.98539805,nan,nan,nan,nan,nan,nan,nan
1791576720.6984682,nan,nan,nan,0,637536,5312.99373138,nan,nan,nan,nan,nan,nan,nan
1791576720.706784,nan,nan,nan,0,637537,5313.00206471,nan,nan,nan,nan,nan,nan,nan
1791576720.7152436,nan,nan,nan,0,637538,5313.01039804,nan,nan,nan,nan,nan,nan,nan
1791576720.723389,nan,nan,nan,0,637539,5313.01873137,nan,nan,nan,nan,nan,nan,nan
1791576720.732213,nan,nan,nan,0,637540,5313.0270647,nan,nan,nan,nan,nan,nan,nan
1791576720.7414756,nan,nan,nan,0,637541,5313.03539803,nan,nan,nan,nan,nan,nan,nan
1791576720.7486277,nan,nan,nan,0,637542,5313.04373136,nan,nan,nan,nan,nan,nan,nan
1791576720.7572284,nan,nan,nan,0,637543,5313.05206469,nan,nan,nan,nan,nan,nan,nan
1791576720.7651541,nan,nan,nan,0,637544,5313.06039802,nan,nan,nan,nan,nan,nan,nan
1791576720.7741213,nan,nan,nan,0,637545,5313.06873135,nan,nan,nan,nan,nan,nan,nan
1791576720.7818396,nan,nan,nan,0,637546,5313.07706468,nan,nan,nan,nan,nan,nan,nan
1791576720.7901325,nan,nan,nan,0,637547,5313.08539801,nan,nan,nan,nan,nan,nan,nan
1791576720.7984633,nan,nan,nan,0,637548,5313.09373134,nan,nan,nan,nan,nan,nan,nan
1791576720.8073306,nan,nan,nan,0,637549,5313.10206467,nan,nan,nan,nan,nan,nan,nan
1791576720.8155253,nan,nan,nan,0,637550,5313.110398,nan,nan,nan,nan,nan,nan,nan
1791576720.823556,nan,nan,nan,0,637551,5313.11873133,nan,nan,nan,nan,nan,nan,nan
1791576720.8319778,nan,nan,nan,0,637552,5313.12706466,nan,nan,nan,nan,nan,nan,nan
1791576720.8400865,nan,nan,nan,0,637553,5313.13539799,nan,nan,nan,nan,nan,nan,nan
1791576720.8483207,nan,nan,nan,0,637554,5313.14373132,nan,nan,nan,nan,nan,nan,nan
1791576720.8567727,nan,nan,nan,0,637555,5313.15206465,nan,nan,nan,nan,nan,nan,nan
1791576720.8650446,nan,nan,nan,0,637556,5313.16039798,nan,nan,nan,nan,nan,nan,nan
1791576720.8734546,nan,nan,nan,0,637557,5313.16873131,nan,nan,nan,nan,nan,nan,nan
1791576720.8817036,nan,nan,nan,0,637558,5313.17706464,nan,nan,nan,nan,nan,nan,nan
1791576720.8907738,nan,nan,nan,0,637559,5313.18539797,nan,nan,nan,nan,nan,nan,nan
1791576720.898368,nan,nan,nan,0,637560,5313.1937313,nan,nan,nan,nan,nan,nan,nan
1791576720.9067023,nan,nan,nan,0,637561,5313.20206463,nan,nan,nan,nan,nan,nan,nan
1791576720.9151387,nan,nan,nan,0,637562,5313.21039796,nan,nan,nan,nan,nan,nan,nan
1791576720.9234285,nan,nan,nan,0,637563,5313.21873129,nan,nan,nan,nan,nan,nan,nan
1791576720.9319117,nan,nan,nan,0,637564,5313.22706462,nan,nan,nan,nan,nan,nan,nan
1791576720.9405723,nan,nan,nan,0,637565,5313.23539795,nan,nan,nan,nan,nan,nan,nan
1791576720.9484699,nan,nan,nan,0,637566,5313.24373128,nan,nan,nan,nan,nan,nan,nan
1791576720.9568253,nan,nan,nan,0,637567,5313.25206461,nan,nan,nan,nan,nan,nan,nan
1791576720.9686735,nan,nan,nan,0,637568,5313.26039794,nan,nan,nan,nan,nan,nan,nan
1791576720.974192,nan,nan,nan,0,637569,5313.26873127,nan,nan,nan,nan,nan,nan,nan
1791576720.9822962,nan,nan,nan,0,637570,5313.2770646,nan,nan,nan,nan,nan,nan,nan
1791576720.9904175,nan,nan,nan,0,637571,5313.28539793,nan,nan,nan,nan,nan,nan,nan
1791576720.9987636,nan,nan,nan,0,637572,5313.29373126,nan,nan,nan,nan,nan,nan,nan
1791576721.0072873,nan,nan,nan,0,637573,5313.30206459,nan,nan,nan,nan,nan,nan,nan
1791576721.0159743,nan,nan,nan,0,637574,5313.31039792,nan,nan,nan,nan,nan,nan,nan
1791576721.0241208,nan,nan,nan,0,637575,5313.31873125,nan,nan,nan,nan,nan,nan,nan
1791576721.0323653,nan,nan,nan,0,637576,5313.32706458,nan,nan,nan,nan,nan,nan,nan
1791576721.0406778,nan,nan,nan,0,637577,5313.33539791,nan,nan,nan,nan,nan,nan,nan
1791576721.048862,nan,nan,nan,0,637578,5313.34373124,nan,nan,nan,nan,nan,nan,nan
1791576721.0573928,nan,nan,nan,0,637579,5313.35206457,nan,nan,nan,nan,nan,nan,nan
1791576721.0657935,nan,nan,nan,0,637580,5313.3603979,nan,nan,nan,nan,nan,nan,nan
1791576721.074188,nan,nan,nan,0,637581,5313.36873123,nan,nan,nan,nan,nan,nan,nan
1791576721.0817895,nan,nan,nan,0,637582,5313.37706456,nan,nan,nan,nan,nan,nan,nan
1791576721.0901685,nan,nan,nan,0,637583,5313.38539789,nan,nan,nan,nan,nan,nan,nan
1791576721.0985293,nan,nan,nan,0,637584,5313.39373122,nan,nan,nan,nan,nan,nan,nan
1791576721.1073008,nan,nan,nan,0,637585,5313.40206455,nan,nan,nan,nan,nan,nan,nan
1791576721.1152017,nan,nan,nan,0,637586,5313.41039788,nan,nan,nan,nan,nan,nan,nan
1791576721.1237495,nan,nan,nan,0,637587,5313.41873121,nan,nan,nan,nan,nan,nan,nan
1791576721.132743,nan,nan,nan,0,637588,5313.42706454,nan,nan,nan,nan,nan,nan,nan
1791576721.1404662,nan,nan,nan,0,637589,5313.43539787,nan,nan,nan,nan,nan,nan,nan
1791576721.1488297,nan,nan,nan,0,637590,5313.4437312,nan,nan,nan,nan,nan,nan,nan
1791576721.1575894,nan,nan,nan,0,637591,5313.45206453,nan,nan,nan,nan,nan,nan,nan
1791576721.1650891,nan,nan,nan,0,637592,5313.46039786,nan,nan,nan,nan,nan,nan,nan
1791576721.1739452,nan,nan,nan,0,637593,5313.46873119,nan,nan,nan,nan,nan,nan,nan
1791576721.1817153,nan,nan,nan,0,637594,5313.47706452,nan,nan,nan,nan,nan,nan,nan
1791576721.1901772,nan,nan,nan,0,637595,5313.48539785,nan,nan,nan,nan,nan,nan,nan
1791576721.1986392,nan,nan,nan,0,637596,5313.49373118,nan,nan,nan,nan,nan,nan,nan
1791576721.2068427,nan,nan,nan,0,637597,5313.50206451,nan,nan,nan,nan,nan,nan,nan
1791576721.2150724,nan,nan,nan,0,637598,5313.51039784,nan,nan,nan,nan,nan,nan,nan
1791576721.2235155,nan,nan,nan,0,637599,5313.51873117,nan,nan,nan,nan,nan,nan,nan
1791576721.231828,nan,nan,nan,0,637600,5313.5270645,nan,nan,nan,nan,nan,nan,nan
1791576721.240511,nan,nan,nan,0,637601,5313.53539783,nan,nan,nan,nan,nan,nan,nan
1791576721.2486084,nan,nan,nan,0,637602,5313.54373116,nan,nan,nan,nan,nan,nan,nan
1791576721.2575455,nan,nan,nan,0,637603,5313.55206449,nan,nan,nan,nan,nan,nan,nan
1791576721.2652173,nan,nan,nan,0,637604,5313.56039782,nan,nan,nan,nan,nan,nan,nan
1791576721.274486,nan,nan,nan,0,637605,5313.56873115,nan,nan,nan,nan,nan,nan,nan
1791576721.2818072,nan,nan,nan,0,637606,5313.57706448,nan,nan,nan,nan,nan,nan,nan
1791576721.2901022,nan,nan,nan,0,637607,5313.58539781,nan,nan,nan,nan,nan,nan,nan
1791576721.298839,nan,nan,nan,0,637608,5313.59373114,nan,nan,nan,nan,nan,nan,nan
1791576721.306748,nan,nan,nan,0,637609,5313.60206447,nan,nan,nan,nan,nan,nan,nan
1791576721.3151712,nan,nan,nan,0,637610,5313.6103978,nan,nan,nan,nan,nan,nan,nan
1791576721.323366,nan,nan,nan,0,637611,5313.61873113,nan,nan,nan,nan,nan,nan,nan
1791576721.3323019,nan,nan,nan,0,637612,5313.62706446,nan,nan,nan,nan,nan,nan,nan
1791576721.3400738,nan,nan,nan,0,637613,5313.63539779,nan,nan,nan,nan,nan,nan,nan
1791576721.3484933,nan,nan,nan,0,637614,5313.64373112,nan,nan,nan,nan,nan,nan,nan
1791576721.3581145,nan,nan,nan,0,637615,5313.65206445,nan,nan,nan,nan,nan,nan,nan
1791576721.3650727,nan,nan,nan,0,637616,5313.66039778,nan,nan,nan,nan,nan,nan,nan
1791576721.373919,nan,nan,nan,0,637617,5313.66873111,nan,nan,nan,nan,nan,nan,nan
1791576721.3816617,nan,nan,nan,0,637618,5313.67706444,nan,nan,nan,nan,nan,nan,nan
1791576721.3903015,nan,nan,nan,0,637619,5313.68539777,nan,nan,nan,nan,nan,nan,nan
1791576721.3985736,nan,nan,nan,0,637620,5313.6937311,nan,nan,nan,nan,nan,nan,nan
1791576721.406725,nan,nan,nan,0,637621,5313.70206443,nan,nan,nan,nan,nan,nan,nan
1791576721.41507,nan,nan,nan,0,637622,5313.71039776,nan,nan,nan,nan,nan,nan,nan
1791576721.4232912,nan,nan,nan,0,637623,5313.71873109,nan,nan,nan,nan,nan,nan,nan
1791576721.4328227,nan,nan,nan,0,637624,5313.72706442,nan,nan,nan,nan,nan,nan,nan
1791576721.4416573,nan,nan,nan,0,637625,5313.73539775,nan,nan,nan,nan,nan,nan,nan
1791576721.448366,nan,nan,nan,0,637626,5313.74373108,nan,nan,nan,nan,nan,nan,nan
1791576721.4568298,nan,nan,nan,0,637627,5313.75206441,nan,nan,nan,nan,nan,nan,nan
1791576721.4650471,nan,nan,nan,0,637628,5313.76039774,nan,nan,nan,nan,nan,nan,nan
1791576721.4733198,nan,nan,nan,0,637629,5313.76873107,nan,nan,nan,nan,nan,nan,nan
1791576721.4816115,nan,nan,nan,0,637630,5313.7770644,nan,nan,nan,nan,nan,nan,nan
1791576721.4903307,nan,nan,nan,0,637631,5313.78539773,nan,nan,nan,nan,nan,nan,nan
1791576721.4983516,nan,nan,nan,0,637632,5313.79373106,nan,nan,nan,nan,nan,nan,nan
1791576721.5067239,nan,nan,nan,0,637633,5313.80206439,nan,nan,nan,nan,nan,nan,nan
1791576721.515014,nan,nan,nan,0,637634,5313.81039772,nan,nan,nan,nan,nan,nan,nan
1791576721.5234644,nan,nan,nan,0,637635,5313.81873105,nan,nan,nan,nan,nan,nan,nan
1791576721.532128,nan,nan,nan,0,637636,5313.82706438,nan,nan,nan,nan,nan,nan,nan
1791576721.5402248,nan,nan,nan,0,637637,5313.83539771,nan,nan,nan,nan,nan,nan,nan
1791576721.5492198,nan,nan,nan,0,637638,5313.84373104,nan,nan,nan,nan,nan,nan,nan
1791576721.5567605,nan,nan,nan,0,637639,5313.85206437,nan,nan,nan,nan,nan,nan,nan
1791576721.5650501,nan,nan,nan,0,637640,5313.8603977,nan,nan,nan,nan,nan,nan,nan
1791576721.5742512,nan,nan,nan,0,637641,5313.86873103,nan,nan,nan,nan,nan,nan,nan
1791576721.5828345,nan,nan,nan,0,637642,5313.87706436,nan,nan,nan,nan,nan,nan,nan
1791576721.59011,nan,nan,nan,0,637643,5313.88539769,nan,nan,nan,nan,nan,nan,nan
1791576721.5984445,nan,nan,nan,0,637644,5313.89373102,nan,nan,nan,nan,nan,nan,nan
1791576721.6068666,nan,nan,nan,0,637645,5313.90206435,nan,nan,nan,nan,nan,nan,nan
1791576721.6150384,nan,nan,nan,0,637646,5313.91039768,nan,nan,nan,nan,nan,nan,nan
1791576721.6235957,nan,nan,nan,0,637647,5313.91873101,nan,nan,nan,nan,nan,nan,nan
1791576721.6319852,nan,nan,nan,0,637648,5313.92706434,nan,nan,nan,nan,nan,nan,nan
1791576721.640057,nan,nan,nan,0,637649,5313.93539767,nan,nan,nan,nan,nan,nan,nan
1791576721.6496592,nan,nan,nan,0,637650,5313.943731,nan,nan,nan,nan,nan,nan,nan
1791576721.6568773,nan,nan,nan,0,637651,5313.95206433,nan,nan,nan,nan,nan,nan,nan
1791576721.6651287,nan,nan,nan,0,637652,5313.96039766,nan,nan,nan,nan,nan,nan,nan
1791576721.6734974,nan,nan,nan,0,637653,5313.96873099,nan,nan,nan,nan,nan,nan,nan
1791576721.6821682,nan,nan,nan,0,637654,5313.97706432,nan,nan,nan,nan,nan,nan,nan
1791576721.6901414,nan,nan,nan,0,637655,5313.98539765,nan,nan,nan,nan,nan,nan,nan
1791576721.6986144,nan,nan,nan,0,637656,5313.99373098,nan,nan,nan,nan,nan,nan,nan
1791576721.7069297,nan,nan,nan,0,637657,5314.00206431,nan,nan,nan,nan,nan,nan,nan
1791576721.7150743,nan,nan,nan,0,637658,5314.01039764,nan,nan,nan,nan,nan,nan,nan
1791576721.7234166,nan,nan,nan,0,637659,5314.01873097,nan,nan,nan,nan,nan,nan,nan
1791576721.732838,nan,nan,nan,0,637660,5314.0270643,nan,nan,nan,nan,nan,nan,nan
1791576721.740006,nan,nan,nan,0,637661,5314.03539763,nan,nan,nan,nan,nan,nan,nan
1791576721.74842,nan,nan,nan,0,637662,5314.04373096,nan,nan,nan,nan,nan,nan,nan
1791576721.7568316,nan,nan,nan,0,637663,5314.05206429,nan,nan,nan,nan,nan,nan,nan
1791576721.7651622,nan,nan,nan,0,637664,5314.06039762,nan,nan,nan,nan,nan,nan,nan
1791576721.775198,nan,nan,nan,0,637665,5314.06873095,nan,nan,nan,nan,nan,nan,nan
1791576721.7823715,nan,nan,nan,0,637666,5314.07706428,nan,nan,nan,nan,nan,nan,nan
1791576721.7902749,nan,nan,nan,0,637667,5314.08539761,nan,nan,nan,nan,nan,nan,nan
1791576721.7985618,nan,nan,nan,0,637668,5314.09373094,nan,nan,nan,nan,nan,nan,nan
1791576721.8072608,nan,nan,nan,0,637669,5314.10206427,nan,nan,nan,nan,nan,nan,nan
1791576721.8156514,nan,nan,nan,0,637670,5314.1103976,nan,nan,nan,nan,nan,nan,nan
1791576721.8238301,nan,nan,nan,0,637671,5314.11873093,nan,nan,nan,nan,nan,nan,nan
1791576721.8323538,nan,nan,nan,0,637672,5314.12706426,nan,nan,nan,nan,nan,nan,nan
1791576721.8410878,nan,nan,nan,0,637673,5314.13539759,nan,nan,nan,nan,nan,nan,nan
1791576721.8491824,nan,nan,nan,0,637674,5314.14373092,nan,nan,nan,nan,nan,nan,nan
1791576721.8572311,nan,nan,nan,0,637675,5314.15206425,nan,nan,nan,nan,nan,nan,nan
1791576721.8654535,nan,nan,nan,0,637676,5314.16039758,nan,nan,nan,nan,nan,nan,nan
1791576721.8751369,nan,nan,nan,0,637677,5314.16873091,nan,nan,nan,nan,nan,nan,nan
1791576721.883704,nan,nan,nan,0,637678,5314.17706424,nan,nan,nan,nan,nan,nan,nan
1791576721.890694,nan,nan,nan,0,637679,5314.18539757,nan,nan,nan,nan,nan,nan,nan
1791576721.9004154,nan,nan,nan,0,637680,5314.1937309,nan,nan,nan,nan,nan,nan,nan
1791576721.9071424,nan,nan,nan,0,637681,5314.20206423,nan,nan,nan,nan,nan,nan,nan
1791576721.915374,nan,nan,nan,0,637682,5314.21039756,nan,nan,nan,nan,nan,nan,nan
1791576721.923409,nan,nan,nan,0,637683,5314.21873089,nan,nan,nan,nan,nan,nan,nan
1791576721.9316852,nan,nan,nan,0,637684,5314.22706422,nan,nan,nan,nan,nan,nan,nan
1791576721.940222,nan,nan,nan,0,637685,5314.23539755,nan,nan,nan,nan,nan,nan,nan
1791576721.948283,nan,nan,nan,0,637686,5314.24373088,nan,nan,nan,nan,nan,nan,nan
1791576721.957705,nan,nan,nan,0,637687,5314.25206421,nan,nan,nan,nan,nan,nan,nan
1791576721.9662023,nan,nan,nan,0,637688,5314.26039754,nan,nan,nan,nan,nan,nan,nan
1791576721.9735749,nan,nan,nan,0,637689,5314.26873087,nan,nan,nan,nan,nan,nan,nan
1791576721.9820323,nan,nan,nan,0,637690,5314.2770642,nan,nan,nan,nan,nan,nan,nan
1791576721.9900837,nan,nan,nan,0,637691,5314.28539753,nan,nan,nan,nan,nan,nan,nan
1791576721.9984815,nan,nan,nan,0,637692,5314.29373086,nan,nan,nan,nan,nan,nan,nan
1791576722.0069733,nan,nan,nan,0,637693,5314.30206419,nan,nan,nan,nan,nan,nan,nan
1791576722.0150368,nan,nan,nan,0,637694,5314.31039752,nan,nan,nan,nan,nan,nan,nan
1791576722.0235558,nan,nan,nan,0,637695,5314.31873085,nan,nan,nan,nan,nan,nan,nan
1791576722.0318382,nan,nan,nan,0,637696,5314.32706418,nan,nan,nan,nan,nan,nan,nan
1791576722.040138,nan,nan,nan,0,637697,5314.33539751,nan,nan,nan,nan,nan,nan,nan
1791576722.0492597,nan,nan,nan,0,637698,5314.34373084,nan,nan,nan,nan,nan,nan,nan
1791576722.0568027,nan,nan,nan,0,637699,5314.35206417,nan,nan,nan,nan,nan,nan,nan
1791576722.0650656,nan,nan,nan,0,637700,5314.3603975,nan,nan,nan,nan,nan,nan,nan
1791576722.0754356,nan,nan,nan,0,637701,5314.36873083,nan,nan,nan,nan,nan,nan,nan
1791576722.082952,nan,nan,nan,0,637702,5314.37706416,nan,nan,nan,nan,nan,nan,nan
1791576722.0901256,nan,nan,nan,0,637703,5314.38539749,nan,nan,nan,nan,nan,nan,nan
1791576722.0990362,nan,nan,nan,0,637704,5314.39373082,nan,nan,nan,nan,nan,nan,nan
1791576722.1072338,nan,nan,nan,0,637705,5314.40206415,nan,nan,nan,nan,nan,nan,nan
1791576722.1151958,nan,nan,nan,0,637706,5314.41039748,nan,nan,nan,nan,nan,nan,nan
1791576722.1236413,nan,nan,nan,0,637707,5314.41873081,nan,nan,nan,nan,nan,nan,nan
1791576722.1324437,nan,nan,nan,0,637708,5314.42706414,nan,nan,nan,nan,nan,nan,nan
1791576722.1409242,nan,nan,nan,0,637709,5314.43539747,nan,nan,nan,nan,nan,nan,nan
1791576722.14853,nan,nan,nan,0,637710,5314.4437308,nan,nan,nan,nan,nan,nan,nan
1791576722.1572556,nan,nan,nan,0,637711,5314.45206413,nan,nan,nan,nan,nan,nan,nan
1791576722.165143,nan,nan,nan,0,637712,5314.46039746,nan,nan,nan,nan,nan,nan,nan
1791576722.173691,nan,nan,nan,0,637713,5314.46873079,nan,nan,nan,nan,nan,nan,nan
1791576722.1827385,nan,nan,nan,0,637714,5314.47706412,nan,nan,nan,nan,nan,nan,nan
1791576722.1901076,nan,nan,nan,0,637715,5314.48539745,nan,nan,nan,nan,nan,nan,nan
1791576722.1984842,nan,nan,nan,0,637716,5314.49373078,nan,nan,nan,nan,nan,nan,nan
1791576722.207975,nan,nan,nan,0,637717,5314.50206411,nan,nan,nan,nan,nan,nan,nan
1791576722.2166023,nan,nan,nan,0,637718,5314.51039744,nan,nan,nan,nan,nan,nan,nan
1791576722.2235656,nan,nan,nan,0,637719,5314.51873077,nan,nan,nan,nan,nan,nan,nan
1791576722.23225,nan,nan,nan,0,637720,5314.5270641,nan,nan,nan,nan,nan,nan,nan
1791576722.2401116,nan,nan,nan,0,637721,5314.53539743,nan,nan,nan,nan,nan,nan,nan
1791576722.2482827,nan,nan,nan,0,637722,5314.54373076,nan,nan,nan,nan,nan,nan,nan
1791576722.256863,nan,nan,nan,0,637723,5314.55206409,nan,nan,nan,nan,nan,nan,nan
1791576722.2649224,nan,nan,nan,0,637724,5314.56039742,nan,nan,nan,nan,nan,nan,nan
1791576722.2735388,nan,nan,nan,0,637725,5314.56873075,nan,nan,nan,nan,nan,nan,nan
1791576722.2817175,nan,nan,nan,0,637726,5314.57706408,nan,nan,nan,nan,nan,nan,nan
1791576722.2900634,nan,nan,nan,0,637727,5314.58539741,nan,nan,nan,nan,nan,nan,nan
1791576722.2985156,nan,nan,nan,0,637728,5314.59373074,nan,nan,nan,nan,nan,nan,nan
1791576722.3066936,nan,nan,nan,0,637729,5314.60206407,nan,nan,nan,nan,nan,nan,nan
1791576722.3153324,nan,nan,nan,0,637730,5314.6103974,nan,nan,nan,nan,nan,nan,nan
1791576722.3235188,nan,nan,nan,0,637731,5314.61873073,nan,nan,nan,nan,nan,nan,nan
1791576722.3317947,nan,nan,nan,0,637732,5314.62706406,nan,nan,nan,nan,nan,nan,nan
1791576722.3401198,nan,nan,nan,0,637733,5314.63539739,nan,nan,nan,nan,nan,nan,nan
1791576722.3484972,nan,nan,nan,0,637734,5314.64373072,nan,nan,nan,nan,nan,nan,nan
1791576722.357544,nan,nan,nan,0,637735,5314.65206405,nan,nan,nan,nan,nan,nan,nan
1791576722.3651063,nan,nan,nan,0,637736,5314.66039738,nan,nan,nan,nan,nan,nan,nan
1791576722.3741996,nan,nan,nan,0,637737,5314.66873071,nan,nan,nan,nan,nan,nan,nan
1791576722.3826776,nan,nan,nan,0,637738,5314.67706404,nan,nan,nan,nan,nan,nan,nan
1791576722.3904145,nan,nan,nan,0,637739,5314.68539737,nan,nan,nan,nan,nan,nan,nan
1791576722.3993452,nan,nan,nan,0,637740,5314.6937307,nan,nan,nan,nan,nan,nan,nan
1791576722.4071896,nan,nan,nan,0,637741,5314.70206403,nan,nan,nan,nan,nan,nan,nan
1791576722.4152288,nan,nan,nan,0,637742,5314.71039736,nan,nan,nan,nan,nan,nan,nan
1791576722.4236045,nan,nan,nan,0,637743,5314.71873069,nan,nan,nan,nan,nan,nan,nan
1791576722.4318275,nan,nan,nan,0,637744,5314.72706402,nan,nan,nan,nan,nan,nan,nan
1791576722.4400425,nan,nan,nan,0,637745,5314.73539735,nan,nan,nan,nan,nan,nan,nan
1791576722.4484103,nan,nan,nan,0,637746,5314.74373068,nan,nan,nan,nan,nan,nan,nan
1791576722.4567816,nan,nan,nan,0,637747,5314.75206401,nan,nan,nan,nan,nan,nan,nan
1791576722.4649203,nan,nan,nan,0,637748,5314.76039734,nan,nan,nan,nan,nan,nan,nan
1791576722.473506,nan,nan,nan,0,637749,5314.76873067,nan,nan,nan,nan,nan,nan,nan
1791576722.4817038,nan,nan,nan,0,637750,5314.777064,nan,nan,nan,nan,nan,nan,nan
1791576722.4901817,nan,nan,nan,0,637751,5314.78539733,nan,nan,nan,nan,nan,nan,nan
1791576722.4984186,nan,nan,nan,0,637752,5314.79373066,nan,nan,nan,nan,nan,nan,nan
1791576722.506905,nan,nan,nan,0,637753,5314.80206399,nan,nan,nan,nan,nan,nan,nan
1791576722.515053,nan,nan,nan,0,637754,5314.81039732,nan,nan,nan,nan,nan,nan,nan
1791576722.5236032,nan,nan,nan,0,637755,5314.81873065,nan,nan,nan,nan,nan,nan,nan
1791576722.5316913,nan,nan,nan,0,637756,5314.82706398,nan,nan,nan,nan,nan,nan,nan
1791576722.5423195,nan,nan,nan,0,637757,5314.83539731,nan,nan,nan,nan,nan,nan,nan
1791576722.548502,nan,nan,nan,0,637758,5314.84373064,nan,nan,nan,nan,nan,nan,nan
1791576722.558163,nan,nan,nan,0,637759,5314.85206397,nan,nan,nan,nan,nan,nan,nan
1791576722.5650086,nan,nan,nan,0,637760,5314.8603973,nan,nan,nan,nan,nan,nan,nan
1791576722.5739088,nan,nan,nan,0,637761,5314.86873063,nan,nan,nan,nan,nan,nan,nan
1791576722.5816996,nan,nan,nan,0,637762,5314.87706396,nan,nan,nan,nan,nan,nan,nan
1791576722.5906181,nan,nan,nan,0,637763,5314.88539729,nan,nan,nan,nan,nan,nan,nan
1791576722.5984662,nan,nan,nan,0,637764,5314.89373062,nan,nan,nan,nan,nan,nan,nan
1791576722.6068969,nan,nan,nan,0,637765,5314.90206395,nan,nan,nan,nan,nan,nan,nan
1791576722.6158683,nan,nan,nan,0,637766,5314.91039728,nan,nan,nan,nan,nan,nan,nan
1791576722.6234393,nan,nan,nan,0,637767,5314.91873061,nan,nan,nan,nan,nan,nan,nan
1791576722.6317017,nan,nan,nan,0,637768,5314.92706394,nan,nan,nan,nan,nan,nan,nan
1791576722.6409469,nan,nan,nan,0,637769,5314.93539727,nan,nan,nan,nan,nan,nan,nan
1791576722.6484096,nan,nan,nan,0,637770,5314.9437306,nan,nan,nan,nan,nan,nan,nan
1791576722.6577182,nan,nan,nan,0,637771,5314.95206393,nan,nan,nan,nan,nan,nan,nan
1791576722.6650631,nan,nan,nan,0,637772,5314.96039726,nan,nan,nan,nan,nan,nan,nan
1791576722.6739924,nan,nan,nan,0,637773,5314.96873059,nan,nan,nan,nan,nan,nan,nan
1791576722.6818252,nan,nan,nan,0,637774,5314.97706392,nan,nan,nan,nan,nan,nan,nan
1791576722.690135,nan,nan,nan,0,637775,5314.98539725,nan,nan,nan,nan,nan,nan,nan
1791576722.6985288,nan,nan,nan,0,637776,5314.99373058,nan,nan,nan,nan,nan,nan,nan
1791576722.7068486,nan,nan,nan,0,637777,5315.00206391,nan,nan,nan,nan,nan,nan,nan
1791576722.7150843,nan,nan,nan,0,637778,5315.01039724,nan,nan,nan,nan,nan,nan,nan
1791576722.723268,nan,nan,nan,0,637779,5315.01873057,nan,nan,nan,nan,nan,nan,nan
1791576722.7318692,nan,nan,nan,0,637780,5315.0270639,nan,nan,nan,nan,nan,nan,nan
1791576722.740605,nan,nan,nan,0,637781,5315.03539723,nan,nan,nan,nan,nan,nan,nan
1791576722.7484388,nan,nan,nan,0,637782,5315.04373056,nan,nan,nan,nan,nan,nan,nan
1791576722.7567954,nan,nan,nan,0,637783,5315.05206389,nan,nan,nan,nan,nan,nan,nan
1791576722.765142,nan,nan,nan,0,637784,5315.06039722,nan,nan,nan,nan,nan,nan,nan
1791576722.7734778,nan,nan,nan,0,637785,5315.06873055,nan,nan,nan,nan,nan,nan,nan
1791576722.782575,nan,nan,nan,0,637786,5315.07706388,nan,nan,nan,nan,nan,nan,nan
1791576722.7911975,nan,nan,nan,0,637787,5315.08539721,nan,nan,nan,nan,nan,nan,nan
1791576722.7985873,nan,nan,nan,0,637788,5315.09373054,nan,nan,nan,nan,nan,nan,nan
1791576722.806792,nan,nan,nan,0,637789,5315.10206387,nan,nan,nan,nan,nan,nan,nan
1791576722.8156097,nan,nan,nan,0,637790,5315.1103972,nan,nan,nan,nan,nan,nan,nan
1791576722.8237405,nan,nan,nan,0,637791,5315.11873053,nan,nan,nan,nan,nan,nan,nan
1791576722.8327737,nan,nan,nan,0,637792,5315.12706386,nan,nan,nan,nan,nan,nan,nan
1791576722.8416636,nan,nan,nan,0,637793,5315.13539719,nan,nan,nan,nan,nan,nan,nan
1791576722.8481987,nan,nan,nan,0,637794,5315.14373052,nan,nan,nan,nan,nan,nan,nan
1791576722.8567884,nan,nan,nan,0,637795,5315.15206385,nan,nan,nan,nan,nan,nan,nan
1791576722.8659859,nan,nan,nan,0,637796,5315.16039718,nan,nan,nan,nan,nan,nan,nan
1791576722.8737833,nan,nan,nan,0,637797,5315.16873051,nan,nan,nan,nan,nan,nan,nan
1791576722.8817396,nan,nan,nan,0,637798,5315.17706384,nan,nan,nan,nan,nan,nan,nan
1791576722.890166,nan,nan,nan,0,637799,5315.18539717,nan,nan,nan,nan,nan,nan,nan
1791576722.8985088,nan,nan,nan,0,637800,5315.1937305,nan,nan,nan,nan,nan,nan,nan
1791576722.9097397,nan,nan,nan,0,637801,5315.20206383,nan,nan,nan,nan,nan,nan,nan
1791576722.915227,nan,nan,nan,0,637802,5315.21039716,nan,nan,nan,nan,nan,nan,nan
1791576722.923533,nan,nan,nan,0,637803,5315.21873049,nan,nan,nan,nan,nan,nan,nan
1791576722.9317524,nan,nan,nan,0,637804,5315.22706382,nan,nan,nan,nan,nan,nan,nan
1791576722.9400434,nan,nan,nan,0,637805,5315.23539715,nan,nan,nan,nan,nan,nan,nan
1791576722.9489362,nan,nan,nan,0,637806,5315.24373048,nan,nan,nan,nan,nan,nan,nan
1791576722.956723,nan,nan,nan,0,637807,5315.25206381,nan,nan,nan,nan,nan,nan,nan
1791576722.9651217,nan,nan,nan,0,637808,5315.26039714,nan,nan,nan,nan,nan,nan,nan
1791576722.9735134,nan,nan,nan,0,637809,5315.26873047,nan,nan,nan,nan,nan,nan,nan
1791576722.9817207,nan,nan,nan,0,637810,5315.2770638,nan,nan,nan,nan,nan,nan,nan
1791576722.9900112,nan,nan,nan,0,637811,5315.28539713,nan,nan,nan,nan,nan,nan,nan
1791576722.9995651,nan,nan,nan,0,637812,5315.29373046,nan,nan,nan,nan,nan,nan,nan
1791576723.0067363,nan,nan,nan,0,637813,5315.30206379,nan,nan,nan,nan,nan,nan,nan
1791576723.0150106,nan,nan,nan,0,637814,5315.31039712,nan,nan,nan,nan,nan,nan,nan
1791576723.02337,nan,nan,nan,0,637815,5315.31873045,nan,nan,nan,nan,nan,nan,nan
1791576723.0325701,nan,nan,nan,0,637816,5315.32706378,nan,nan,nan,nan,nan,nan,nan
1791576723.0420032,nan,nan,nan,0,637817,5315.33539711,nan,nan,nan,nan,nan,nan,nan
1791576723.0514908,nan,nan,nan,0,637818,5315.34373044,nan,nan,nan,nan,nan,nan,nan
1791576723.0570817,nan,nan,nan,0,637819,5315.35206377,nan,nan,nan,nan,nan,nan,nan
1791576723.0651393,nan,nan,nan,0,637820,5315.3603971,nan,nan,nan,nan,nan,nan,nan
1791576723.0736296,nan,nan,nan,0,637821,5315.36873043,nan,nan,nan,nan,nan,nan,nan
1791576723.082313,nan,nan,nan,0,637822,5315.37706376,nan,nan,nan,nan,nan,nan,nan
1791576723.0903044,nan,nan,nan,0,637823,5315.38539709,nan,nan,nan,nan,nan,nan,nan
1791576723.098793,nan,nan,nan,0,637824,5315.39373042,nan,nan,nan,nan,nan,nan,nan
1791576723.1068501,nan,nan,nan,0,637825,5315.40206375,nan,nan,nan,nan,nan,nan,nan
1791576723.1153464,nan,nan,nan,0,637826,5315.41039708,nan,nan,nan,nan,nan,nan,nan
1791576723.12348,nan,nan,nan,0,637827,5315.41873041,nan,nan,nan,nan,nan,nan,nan
1791576723.132022,nan,nan,nan,0,637828,5315.42706374,nan,nan,nan,nan,nan,nan,nan
1791576723.1400898,nan,nan,nan,0,637829,5315.43539707,nan,nan,nan,nan,nan,nan,nan
1791576723.1485553,nan,nan,nan,0,637830,5315.4437304,nan,nan,nan,nan,nan,nan,nan
1791576723.1566958,nan,nan,nan,0,637831,5315.45206373,nan,nan,nan,nan,nan,nan,nan
1791576723.1664853,nan,nan,nan,0,637832,5315.46039706,nan,nan,nan,nan,nan,nan,nan
1791576723.1737962,nan,nan,nan,0,637833,5315.46873039,nan,nan,nan,nan,nan,nan,nan
1791576723.1825776,nan,nan,nan,0,637834,5315.47706372,nan,nan,nan,nan,nan,nan,nan
1791576723.1908717,nan,nan,nan,0,637835,5315.48539705,nan,nan,nan,nan,nan,nan,nan
1791576723.19866,nan,nan,nan,0,637836,5315.49373038,nan,nan,nan,nan,nan,nan,nan
1791576723.2068803,nan,nan,nan,0,637837,5315.50206371,nan,nan,nan,nan,nan,nan,nan
1791576723.2153323,nan,nan,nan,0,637838,5315.51039704,nan,nan,nan,nan,nan,nan,nan
1791576723.223647,nan,nan,nan,0,637839,5315.51873037,nan,nan,nan,nan,nan,nan,nan
1791576723.2318537,nan,nan,nan,0,637840,5315.5270637,nan,nan,nan,nan,nan,nan,nan
1791576723.2406225,nan,nan,nan,0,637841,5315.53539703,nan,nan,nan,nan,nan,nan,nan
1791576723.2483253,nan,nan,nan,0,637842,5315.54373036,nan,nan,nan,nan,nan,nan,nan
1791576723.2568188,nan,nan,nan,0,637843,5315.55206369,nan,nan,nan,nan,nan,nan,nan
1791576723.2650762,nan,nan,nan,0,637844,5315.56039702,nan,nan,nan,nan,nan,nan,nan
1791576723.273473,nan,nan,nan,0,637845,5315.56873035,nan,nan,nan,nan,nan,nan,nan
1791576723.281719,nan,nan,nan,0,637846,5315.57706368,nan,nan,nan,nan,nan,nan,nan
1791576723.2901258,nan,nan,nan,0,637847,5315.58539701,nan,nan,nan,nan,nan,nan,nan
1791576723.301359,nan,nan,nan,0,637848,5315.59373034,nan,nan,nan,nan,nan,nan,nan
1791576723.3073657,nan,nan,nan,0,637849,5315.60206367,nan,nan,nan,nan,nan,nan,nan
1791576723.3151975,nan,nan,nan,0,637850,5315.610397,nan,nan,nan,nan,nan,nan,nan
1791576723.32368,nan,nan,nan,0,637851,5315.61873033,nan,nan,nan,nan,nan,nan,nan
1791576723.3323379,nan,nan,nan,0,637852,5315.62706366,nan,nan,nan,nan,nan,nan,nan
1791576723.340965,nan,nan,nan,0,637853,5315.63539699,nan,nan,nan,nan,nan,nan,nan
1791576723.3484619,nan,nan,nan,0,637854,5315.64373032,nan,nan,nan,nan,nan,nan,nan
1791576723.3568676,nan,nan,nan,0,637855,5315.65206365,nan,nan,nan,nan,nan,nan,nan
1791576723.365293,nan,nan,nan,0,637856,5315.66039698,nan,nan,nan,nan,nan,nan,nan
1791576723.3734753,nan,nan,nan,0,637857,5315.66873031,nan,nan,nan,nan,nan,nan,nan
1791576723.3817387,nan,nan,nan,0,637858,5315.67706364,nan,nan,nan,nan,nan,nan,nan
1791576723.3908215,nan,nan,nan,0,637859,5315.68539697,nan,nan,nan,nan,nan,nan,nan
1791576723.3987858,nan,nan,nan,0,637860,5315.6937303,nan,nan,nan,nan,nan,nan,nan
1791576723.406715,nan,nan,nan,0,637861,5315.70206363,nan,nan,nan,nan,nan,nan,nan
1791576723.415189,nan,nan,nan,0,637862,5315.71039696,nan,nan,nan,nan,nan,nan,nan
1791576723.4236364,nan,nan,nan,0,637863,5315.71873029,nan,nan,nan,nan,nan,nan,nan
1791576723.4321148,nan,nan,nan,0,637864,5315.72706362,nan,nan,nan,nan,nan,nan,nan
1791576723.4404855,nan,nan,nan,0,637865,5315.73539695,nan,nan,nan,nan,nan,nan,nan
1791576723.4485323,nan,nan,nan,0,637866,5315.74373028,nan,nan,nan,nan,nan,nan,nan
1791576723.4568157,nan,nan,nan,0,637867,5315.75206361,nan,nan,nan,nan,nan,nan,nan
1791576723.4651177,nan,nan,nan,0,637868,5315.76039694,nan,nan,nan,nan,nan,nan,nan
1791576723.473307,nan,nan,nan,0,637869,5315.76873027,nan,nan,nan,nan,nan,nan,nan
1791576723.4817178,nan,nan,nan,0,637870,5315.7770636,nan,nan,nan,nan,nan,nan,nan
1791576723.4901335,nan,nan,nan,0,637871,5315.78539693,nan,nan,nan,nan,nan,nan,nan
1791576723.4982471,nan,nan,nan,0,637872,5315.79373026,nan,nan,nan,nan,nan,nan,nan
1791576723.5075347,nan,nan,nan,0,637873,5315.80206359,nan,nan,nan,nan,nan,nan,nan
1791576723.515085,nan,nan,nan,0,637874,5315.81039692,nan,nan,nan,nan,nan,nan,nan
1791576723.5236511,nan,nan,nan,0,637875,5315.81873025,nan,nan,nan,nan,nan,nan,nan
1791576723.533173,nan,nan,nan,0,637876,5315.82706358,nan,nan,nan,nan,nan,nan,nan
1791576723.5402462,nan,nan,nan,0,637877,5315.83539691,nan,nan,nan,nan,nan,nan,nan
1791576723.5485039,nan,nan,nan,0,637878,5315.84373024,nan,nan,nan,nan,nan,nan,nan
1791576723.5568457,nan,nan,nan,0,637879,5315.85206357,nan,nan,nan,nan,nan,nan,nan
1791576723.5655775,nan,nan,nan,0,637880,5315.8603969,nan,nan,nan,nan,nan,nan,nan
1791576723.5734696,nan,nan,nan,0,637881,5315.86873023,nan,nan,nan,nan,nan,nan,nan
1791576723.5817897,nan,nan,nan,0,637882,5315.87706356,nan,nan,nan,nan,nan,nan,nan
1791576723.5904627,nan,nan,nan,0,637883,5315.88539689,nan,nan,nan,nan,nan,nan,nan
1791576723.598552,nan,nan,nan,0,637884,5315.89373022,nan,nan,nan,nan,nan,nan,nan
1791576723.6067798,nan,nan,nan,0,637885,5315.90206355,nan,nan,nan,nan,nan,nan,nan
1791576723.6165802,nan,nan,nan,0,637886,5315.91039688,nan,nan,nan,nan,nan,nan,nan
1791576723.6238682,nan,nan,nan,0,637887,5315.91873021,nan,nan,nan,nan,nan,nan,nan
1791576723.6321745,nan,nan,nan,0,637888,5315.92706354,nan,nan,nan,nan,nan,nan,nan
1791576723.6411378,nan,nan,nan,0,637889,5315.93539687,nan,nan,nan,nan,nan,nan,nan
1791576723.6495242,nan,nan,nan,0,637890,5315.9437302,nan,nan,nan,nan,nan,nan,nan
1791576723.6573238,nan,nan,nan,0,637891,5315.95206353,nan,nan,nan,nan,nan,nan,nan
1791576723.6656144,nan,nan,nan,0,637892,5315.96039686,nan,nan,nan,nan,nan,nan,nan
1791576723.6740115,nan,nan,nan,0,637893,5315.96873019,nan,nan,nan,nan,nan,nan,nan
1791576723.6827114,nan,nan,nan,0,637894,5315.97706352,nan,nan,nan,nan,nan,nan,nan
1791576723.6904986,nan,nan,nan,0,637895,5315.98539685,nan,nan,nan,nan,nan,nan,nan
1791576723.6985216,nan,nan,nan,0,637896,5315.99373018,nan,nan,nan,nan,nan,nan,nan
1791576723.706746,nan,nan,nan,0,637897,5316.00206351,nan,nan,nan,nan,nan,nan,nan
1791576723.7150476,nan,nan,nan,0,637898,5316.01039684,nan,nan,nan,nan,nan,nan,nan
1791576723.7235527,nan,nan,nan,0,637899,5316.01873017,nan,nan,nan,nan,nan,nan,nan
1791576723.7319562,nan,nan,nan,0,637900,5316.0270635,nan,nan,nan,nan,nan,nan,nan
1791576723.740457,nan,nan,nan,0,637901,5316.03539683,nan,nan,nan,nan,nan,nan,nan
1791576723.7494645,nan,nan,nan,0,637902,5316.04373016,nan,nan,nan,nan,nan,nan,nan
1791576723.7568872,nan,nan,nan,0,637903,5316.05206349,nan,nan,nan,nan,nan,nan,nan
1791576723.7651923,nan,nan,nan,0,637904,5316.06039682,nan,nan,nan,nan,nan,nan,nan
1791576723.7733808,nan,nan,nan,0,637905,5316.06873015,nan,nan,nan,nan,nan,nan,nan
1791576723.782583,nan,nan,nan,0,637906,5316.07706348,nan,nan,nan,nan,nan,nan,nan
1791576723.7901597,nan,nan,nan,0,637907,5316.08539681,nan,nan,nan,nan,nan,nan,nan
1791576723.798522,nan,nan,nan,0,637908,5316.09373014,nan,nan,nan,nan,nan,nan,nan
1791576723.8069725,nan,nan,nan,0,637909,5316.10206347,nan,nan,nan,nan,nan,nan,nan
1791576723.8156893,nan,nan,nan,0,637910,5316.1103968,nan,nan,nan,nan,nan,nan,nan
1791576723.8235424,nan,nan,nan,0,637911,5316.11873013,nan,nan,nan,nan,nan,nan,nan
1791576723.832067,nan,nan,nan,0,637912,5316.12706346,nan,nan,nan,nan,nan,nan,nan
1791576723.840493,nan,nan,nan,0,637913,5316.13539679,nan,nan,nan,nan,nan,nan,nan
1791576723.8484354,nan,nan,nan,0,637914,5316.14373012,nan,nan,nan,nan,nan,nan,nan
1791576723.8570058,nan,nan,nan,0,637915,5316.15206345,nan,nan,nan,nan,nan,nan,nan
1791576723.8655064,nan,nan,nan,0,637916,5316.16039678,nan,nan,nan,nan,nan,nan,nan
1791576723.8745348,nan,nan,nan,0,637917,5316.16873011,nan,nan,nan,nan,nan,nan,nan
1791576723.882092,nan,nan,nan,0,637918,5316.17706344,nan,nan,nan,nan,nan,nan,nan
1791576723.8901448,nan,nan,nan,0,637919,5316.18539677,nan,nan,nan,nan,nan,nan,nan
1791576723.8986816,nan,nan,nan,0,637920,5316.1937301,nan,nan,nan,nan,nan,nan,nan
1791576723.9067094,nan,nan,nan,0,637921,5316.20206343,nan,nan,nan,nan,nan,nan,nan
1791576723.9153264,nan,nan,nan,0,637922,5316.21039676,nan,nan,nan,nan,nan,nan,nan
1791576723.9237115,nan,nan,nan,0,637923,5316.21873009,nan,nan,nan,nan,nan,nan,nan
1791576723.9322,nan,nan,nan,0,637924,5316.22706342,nan,nan,nan,nan,nan,nan,nan
1791576723.940025,nan,nan,nan,0,637925,5316.23539675,nan,nan,nan,nan,nan,nan,nan
1791576723.948367,nan,nan,nan,0,637926,5316.24373008,nan,nan,nan,nan,nan,nan,nan
1791576723.9566915,nan,nan,nan,0,637927,5316.25206341,nan,nan,nan,nan,nan,nan,nan
1791576723.965015,nan,nan,nan,0,637928,5316.26039674,nan,nan,nan,nan,nan,nan,nan
1791576723.9734433,nan,nan,nan,0,637929,5316.26873007,nan,nan,nan,nan,nan,nan,nan
1791576723.9878595,nan,nan,nan,0,637930,5316.2770634,nan,nan,nan,nan,nan,nan,nan
1791576723.9904957,nan,nan,nan,0,637931,5316.28539673,nan,nan,nan,nan,nan,nan,nan
1791576723.9989598,nan,nan,nan,0,637932,5316.29373006,nan,nan,nan,nan,nan,nan,nan
1791576724.0070996,nan,nan,nan,0,637933,5316.30206339,nan,nan,nan,nan,nan,nan,nan
1791576724.0161288,nan,nan,nan,0,637934,5316.31039672,nan,nan,nan,nan,nan,nan,nan
1791576724.0244477,nan,nan,nan,0,637935,5316.31873005,nan,nan,nan,nan,nan,nan,nan
1791576724.0322301,nan,nan,nan,0,637936,5316.32706338,nan,nan,nan,nan,nan,nan,nan
1791576724.040538,nan,nan,nan,0,637937,5316.33539671,nan,nan,nan,nan,nan,nan,nan
1791576724.0487986,nan,nan,nan,0,637938,5316.34373004,nan,nan,nan,nan,nan,nan,nan
1791576724.0571885,nan,nan,nan,0,637939,5316.35206337,nan,nan,nan,nan,nan,nan,nan
1791576724.0656173,nan,nan,nan,0,637940,5316.3603967,nan,nan,nan,nan,nan,nan,nan
1791576724.0739558,nan,nan,nan,0,637941,5316.36873003,nan,nan,nan,nan,nan,nan,nan
1791576724.0817695,nan,nan,nan,0,637942,5316.37706336,nan,nan,nan,nan,nan,nan,nan
1791576724.0902276,nan,nan,nan,0,637943,5316.38539669,nan,nan,nan,nan,nan,nan,nan
1791576724.0985568,nan,nan,nan,0,637944,5316.39373002,nan,nan,nan,nan,nan,nan,nan
1791576724.1068065,nan,nan,nan,0,637945,5316.40206335,nan,nan,nan,nan,nan,nan,nan
1791576724.1152442,nan,nan,nan,0,637946,5316.41039668,nan,nan,nan,nan,nan,nan,nan
1791576724.1234825,nan,nan,nan,0,637947,5316.41873001,nan,nan,nan,nan,nan,nan,nan
1791576724.132021,nan,nan,nan,0,637948,5316.42706334,nan,nan,nan,nan,nan,nan,nan
1791576724.1406224,nan,nan,nan,0,637949,5316.43539667,nan,nan,nan,nan,nan,nan,nan
1791576724.1489544,nan,nan,nan,0,637950,5316.44373,nan,nan,nan,nan,nan,nan,nan
1791576724.1569633,nan,nan,nan,0,637951,5316.45206333,nan,nan,nan,nan,nan,nan,nan
1791576724.165313,nan,nan,nan,0,637952,5316.46039666,nan,nan,nan,nan,nan,nan,nan
1791576724.1737316,nan,nan,nan,0,637953,5316.46872999,nan,nan,nan,nan,nan,nan,nan
1791576724.1819346,nan,nan,nan,0,637954,5316.47706332,nan,nan,nan,nan,nan,nan,nan
1791576724.190677,nan,nan,nan,0,637955,5316.48539665,nan,nan,nan,nan,nan,nan,nan
1791576724.198808,nan,nan,nan,0,637956,5316.49372998,nan,nan,nan,nan,nan,nan,nan
1791576724.2066832,nan,nan,nan,0,637957,5316.50206331,nan,nan,nan,nan,nan,nan,nan
1791576724.2150877,nan,nan,nan,0,637958,5316.51039664,nan,nan,nan,nan,nan,nan,nan
1791576724.2248375,nan,nan,nan,0,637959,5316.51872997,nan,nan,nan,nan,nan,nan,nan
1791576724.231921,nan,nan,nan,0,637960,5316.5270633,nan,nan,nan,nan,nan,nan,nan
1791576724.2403095,nan,nan,nan,0,637961,5316.53539663,nan,nan,nan,nan,nan,nan,nan
1791576724.2485337,nan,nan,nan,0,637962,5316.54372996,nan,nan,nan,nan,nan,nan,nan
1791576724.257328,nan,nan,nan,0,637963,5316.55206329,nan,nan,nan,nan,nan,nan,nan
1791576724.2655632,nan,nan,nan,0,637964,5316.56039662,nan,nan,nan,nan,nan,nan,nan
1791576724.273479,nan,nan,nan,0,637965,5316.56872995,nan,nan,nan,nan,nan,nan,nan
1791576724.2817833,nan,nan,nan,0,637966,5316.57706328,nan,nan,nan,nan,nan,nan,nan
1791576724.2905095,nan,nan,nan,0,637967,5316.58539661,nan,nan,nan,nan,nan,nan,nan
1791576724.2986875,nan,nan,nan,0,637968,5316.59372994,nan,nan,nan,nan,nan,nan,nan
1791576724.3070679,nan,nan,nan,0,637969,5316.60206327,nan,nan,nan,nan,nan,nan,nan
1791576724.3150854,nan,nan,nan,0,637970,5316.6103966,nan,nan,nan,nan,nan,nan,nan
1791576724.3235316,nan,nan,nan,0,637971,5316.61872993,nan,nan,nan,nan,nan,nan,nan
1791576724.3336918,nan,nan,nan,0,637972,5316.62706326,nan,nan,nan,nan,nan,nan,nan
1791576724.3404958,nan,nan,nan,0,637973,5316.63539659,nan,nan,nan,nan,nan,nan,nan
1791576724.3486352,nan,nan,nan,0,637974,5316.64372992,nan,nan,nan,nan,nan,nan,nan
1791576724.3580534,nan,nan,nan,0,637975,5316.65206325,nan,nan,nan,nan,nan,nan,nan
1791576724.3650734,nan,nan,nan,0,637976,5316.66039658,nan,nan,nan,nan,nan,nan,nan
1791576724.37361,nan,nan,nan,0,637977,5316.66872991,nan,nan,nan,nan,nan,nan,nan
1791576724.3816926,nan,nan,nan,0,637978,5316.67706324,nan,nan,nan,nan,nan,nan,nan
1791576724.3901372,nan,nan,nan,0,637979,5316.68539657,nan,nan,nan,nan,nan,nan,nan
1791576724.398437,nan,nan,nan,0,637980,5316.6937299,nan,nan,nan,nan,nan,nan,nan
1791576724.4068394,nan,nan,nan,0,637981,5316.70206323,nan,nan,nan,nan,nan,nan,nan
1791576724.4151707,nan,nan,nan,0,637982,5316.71039656,nan,nan,nan,nan,nan,nan,nan
1791576724.4236693,nan,nan,nan,0,637983,5316.71872989,nan,nan,nan,nan,nan,nan,nan
1791576724.431676,nan,nan,nan,0,637984,5316.72706322,nan,nan,nan,nan,nan,nan,nan
1791576724.4400601,nan,nan,nan,0,637985,5316.73539655,nan,nan,nan,nan,nan,nan,nan
1791576724.4484267,nan,nan,nan,0,637986,5316.74372988,nan,nan,nan,nan,nan,nan,nan
1791576724.4566362,nan,nan,nan,0,637987,5316.75206321,nan,nan,nan,nan,nan,nan,nan
1791576724.4649746,nan,nan,nan,0,637988,5316.76039654,nan,nan,nan,nan,nan,nan,nan
1791576724.4734483,nan,nan,nan,0,637989,5316.76872987,nan,nan,nan,nan,nan,nan,nan
1791576724.4819424,nan,nan,nan,0,637990,5316.7770632,nan,nan,nan,nan,nan,nan,nan
1791576724.4900773,nan,nan,nan,0,637991,5316.78539653,nan,nan,nan,nan,nan,nan,nan
1791576724.4985492,nan,nan,nan,0,637992,5316.79372986,nan,nan,nan,nan,nan,nan,nan
1791576724.5070283,nan,nan,nan,0,637993,5316.80206319,nan,nan,nan,nan,nan,nan,nan
1791576724.5151987,nan,nan,nan,0,637994,5316.81039652,nan,nan,nan,nan,nan,nan,nan
1791576724.5234885,nan,nan,nan,0,637995,5316.81872985,nan,nan,nan,nan,nan,nan,nan
1791576724.532573,nan,nan,nan,0,637996,5316.82706318,nan,nan,nan,nan,nan,nan,nan
1791576724.540478,nan,nan,nan,0,637997,5316.83539651,nan,nan,nan,nan,nan,nan,nan
1791576724.5495512,nan,nan,nan,0,637998,5316.84372984,nan,nan,nan,nan,nan,nan,nan
1791576724.5568316,nan,nan,nan,0,637999,5316.85206317,nan,nan,nan,nan,nan,nan,nan
1791576724.5652738,nan,nan,nan,0,638000,5316.8603965,nan,nan,nan,nan,nan,nan,nan
1791576724.573553,nan,nan,nan,0,638001,5316.86872983,nan,nan,nan,nan,nan,nan,nan
1791576724.5817842,nan,nan,nan,0,638002,5316.87706316,nan,nan,nan,nan,nan,nan,nan
1791576724.5909314,nan,nan,nan,0,638003,5316.88539649,nan,nan,nan,nan,nan,nan,nan
1791576724.5985467,nan,nan,nan,0,638004,5316.89372982,nan,nan,nan,nan,nan,nan,nan
1791576724.606862,nan,nan,nan,0,638005,5316.90206315,nan,nan,nan,nan,nan,nan,nan
1791576724.6151097,nan,nan,nan,0,638006,5316.91039648,nan,nan,nan,nan,nan,nan,nan
1791576724.6235971,nan,nan,nan,0,638007,5316.91872981,nan,nan,nan,nan,nan,nan,nan
1791576724.631785,nan,nan,nan,0,638008,5316.92706314,nan,nan,nan,nan,nan,nan,nan
1791576724.6405835,nan,nan,nan,0,638009,5316.93539647,nan,nan,nan,nan,nan,nan,nan
1791576724.6484728,nan,nan,nan,0,638010,5316.9437298,nan,nan,nan,nan,nan,nan,nan
1791576724.656874,nan,nan,nan,0,638011,5316.95206313,nan,nan,nan,nan,nan,nan,nan
1791576724.6650722,nan,nan,nan,0,638012,5316.96039646,nan,nan,nan,nan,nan,nan,nan
1791576724.6734722,nan,nan,nan,0,638013,5316.96872979,nan,nan,nan,nan,nan,nan,nan
1791576724.6821074,nan,nan,nan,0,638014,5316.97706312,nan,nan,nan,nan,nan,nan,nan
1791576724.6901557,nan,nan,nan,0,638015,5316.98539645,nan,nan,nan,nan,nan,nan,nan
1791576724.6984215,nan,nan,nan,0,638016,5316.99372978,nan,nan,nan,nan,nan,nan,nan
1791576724.7068987,nan,nan,nan,0,638017,5317.00206311,nan,nan,nan,nan,nan,nan,nan
1791576724.7152448,nan,nan,nan,0,638018,5317.01039644,nan,nan,nan,nan,nan,nan,nan
1791576724.7235618,nan,nan,nan,0,638019,5317.01872977,nan,nan,nan,nan,nan,nan,nan
1791576724.7318723,nan,nan,nan,0,638020,5317.0270631,nan,nan,nan,nan,nan,nan,nan
1791576724.7419264,nan,nan,nan,0,638021,5317.03539643,nan,nan,nan,nan,nan,nan,nan
1791576724.74836,nan,nan,nan,0,638022,5317.04372976,nan,nan,nan,nan,nan,nan,nan
1791576724.7576883,nan,nan,nan,0,638023,5317.05206309,nan,nan,nan,nan,nan,nan,nan
1791576724.7650573,nan,nan,nan,0,638024,5317.06039642,nan,nan,nan,nan,nan,nan,nan
1791576724.7742712,nan,nan,nan,0,638025,5317.06872975,nan,nan,nan,nan,nan,nan,nan
1791576724.7825997,nan,nan,nan,0,638026,5317.07706308,nan,nan,nan,nan,nan,nan,nan
1791576724.7900476,nan,nan,nan,0,638027,5317.08539641,nan,nan,nan,nan,nan,nan,nan
1791576724.800079,nan,nan,nan,0,638028,5317.09372974,nan,nan,nan,nan,nan,nan,nan
1791576724.8084347,nan,nan,nan,0,638029,5317.10206307,nan,nan,nan,nan,nan,nan,nan
1791576724.8158147,nan,nan,nan,0,638030,5317.1103964,nan,nan,nan,nan,nan,nan,nan
1791576724.8242383,nan,nan,nan,0,638031,5317.11872973,nan,nan,nan,nan,nan,nan,nan
1791576724.8322513,nan,nan,nan,0,638032,5317.12706306,nan,nan,nan,nan,nan,nan,nan
1791576724.841773,nan,nan,nan,0,638033,5317.13539639,nan,nan,nan,nan,nan,nan,nan
1791576724.8499138,nan,nan,nan,0,638034,5317.14372972,nan,nan,nan,nan,nan,nan,nan
1791576724.8573296,nan,nan,nan,0,638035,5317.15206305,nan,nan,nan,nan,nan,nan,nan
1791576724.8656697,nan,nan,nan,0,638036,5317.16039638,nan,nan,nan,nan,nan,nan,nan
1791576724.8740938,nan,nan,nan,0,638037,5317.16872971,nan,nan,nan,nan,nan,nan,nan
1791576724.8817964,nan,nan,nan,0,638038,5317.17706304,nan,nan,nan,nan,nan,nan,nan
1791576724.890437,nan,nan,nan,0,638039,5317.18539637,nan,nan,nan,nan,nan,nan,nan
1791576724.8985786,nan,nan,nan,0,638040,5317.1937297,nan,nan,nan,nan,nan,nan,nan
1791576724.9068844,nan,nan,nan,0,638041,5317.20206303,nan,nan,nan,nan,nan,nan,nan
1791576724.9153767,nan,nan,nan,0,638042,5317.21039636,nan,nan,nan,nan,nan,nan,nan
1791576724.9235556,nan,nan,nan,0,638043,5317.21872969,nan,nan,nan,nan,nan,nan,nan
1791576724.9321897,nan,nan,nan,0,638044,5317.22706302,nan,nan,nan,nan,nan,nan,nan
1791576724.9425209,nan,nan,nan,0,638045,5317.23539635,nan,nan,nan,nan,nan,nan,nan
1791576724.9484372,nan,nan,nan,0,638046,5317.24372968,nan,nan,nan,nan,nan,nan,nan
1791576724.9567282,nan,nan,nan,0,638047,5317.25206301,nan,nan,nan,nan,nan,nan,nan
1791576724.9654565,nan,nan,nan,0,638048,5317.26039634,nan,nan,nan,nan,nan,nan,nan
1791576724.9736233,nan,nan,nan,0,638049,5317.26872967,nan,nan,nan,nan,nan,nan,nan
1791576724.9820192,nan,nan,nan,0,638050,5317.277063,nan,nan,nan,nan,nan,nan,nan
1791576724.9901087,nan,nan,nan,0,638051,5317.28539633,nan,nan,nan,nan,nan,nan,nan
1791576724.9983253,nan,nan,nan,0,638052,5317.29372966,nan,nan,nan,nan,nan,nan,nan
1791576725.0070047,nan,nan,nan,0,638053,5317.30206299,nan,nan,nan,nan,nan,nan,nan
1791576725.0150378,nan,nan,nan,0,638054,5317.31039632,nan,nan,nan,nan,nan,nan,nan
1791576725.0237672,nan,nan,nan,0,638055,5317.31872965,nan,nan,nan,nan,nan,nan,nan
1791576725.0318213,nan,nan,nan,0,638056,5317.32706298,nan,nan,nan,nan,nan,nan,nan
1791576725.0400858,nan,nan,nan,0,638057,5317.33539631,nan,nan,nan,nan,nan,nan,nan
1791576725.0484102,nan,nan,nan,0,638058,5317.34372964,nan,nan,nan,nan,nan,nan,nan
1791576725.0581937,nan,nan,nan,0,638059,5317.35206297,nan,nan,nan,nan,nan,nan,nan
1791576725.06507,nan,nan,nan,0,638060,5317.3603963,nan,nan,nan,nan,nan,nan,nan
1791576725.0789535,nan,nan,nan,0,638061,5317.36872963,nan,nan,nan,nan,nan,nan,nan
1791576725.0825887,nan,nan,nan,0,638062,5317.37706296,nan,nan,nan,nan,nan,nan,nan
1791576725.0904222,nan,nan,nan,0,638063,5317.38539629,nan,nan,nan,nan,nan,nan,nan
1791576725.0984995,nan,nan,nan,0,638064,5317.39372962,nan,nan,nan,nan,nan,nan,nan
1791576725.1077769,nan,nan,nan,0,638065,5317.40206295,nan,nan,nan,nan,nan,nan,nan
1791576725.1166925,nan,nan,nan,0,638066,5317.41039628,nan,nan,nan,nan,nan,nan,nan
1791576725.1236825,nan,nan,nan,0,638067,5317.41872961,nan,nan,nan,nan,nan,nan,nan
1791576725.132025,nan,nan,nan,0,638068,5317.42706294,nan,nan,nan,nan,nan,nan,nan
1791576725.1402974,nan,nan,nan,0,638069,5317.43539627,nan,nan,nan,nan,nan,nan,nan
1791576725.1521125,nan,nan,nan,0,638070,5317.4437296,nan,nan,nan,nan,nan,nan,nan
1791576725.1568024,nan,nan,nan,0,638071,5317.45206293,nan,nan,nan,nan,nan,nan,nan
1791576725.1653152,nan,nan,nan,0,638072,5317.46039626,nan,nan,nan,nan,nan,nan,nan
1791576725.1735017,nan,nan,nan,0,638073,5317.46872959,nan,nan,nan,nan,nan,nan,nan
1791576725.181839,nan,nan,nan,0,638074,5317.47706292,nan,nan,nan,nan,nan,nan,nan
1791576725.1902065,nan,nan,nan,0,638075,5317.48539625,nan,nan,nan,nan,nan,nan,nan
1791576725.1987636,nan,nan,nan,0,638076,5317.49372958,nan,nan,nan,nan,nan,nan,nan
1791576725.2068095,nan,nan,nan,0,638077,5317.50206291,nan,nan,nan,nan,nan,nan,nan
1791576725.215202,nan,nan,nan,0,638078,5317.51039624,nan,nan,nan,nan,nan,nan,nan
1791576725.2236943,nan,nan,nan,0,638079,5317.51872957,nan,nan,nan,nan,nan,nan,nan
1791576725.2319307,nan,nan,nan,0,638080,5317.5270629,nan,nan,nan,nan,nan,nan,nan
1791576725.2402189,nan,nan,nan,0,638081,5317.53539623,nan,nan,nan,nan,nan,nan,nan
1791576725.2491245,nan,nan,nan,0,638082,5317.54372956,nan,nan,nan,nan,nan,nan,nan
1791576725.256932,nan,nan,nan,0,638083,5317.55206289,nan,nan,nan,nan,nan,nan,nan
1791576725.2659085,nan,nan,nan,0,638084,5317.56039622,nan,nan,nan,nan,nan,nan,nan
1791576725.2737148,nan,nan,nan,0,638085,5317.56872955,nan,nan,nan,nan,nan,nan,nan
1791576725.2817464,nan,nan,nan,0,638086,5317.57706288,nan,nan,nan,nan,nan,nan,nan
1791576725.291374,nan,nan,nan,0,638087,5317.58539621,nan,nan,nan,nan,nan,nan,nan
1791576725.2986062,nan,nan,nan,0,638088,5317.59372954,nan,nan,nan,nan,nan,nan,nan
1791576725.3070202,nan,nan,nan,0,638089,5317.60206287,nan,nan,nan,nan,nan,nan,nan
1791576725.3165798,nan,nan,nan,0,638090,5317.6103962,nan,nan,nan,nan,nan,nan,nan
1791576725.3234646,nan,nan,nan,0,638091,5317.61872953,nan,nan,nan,nan,nan,nan,nan
1791576725.3316288,nan,nan,nan,0,638092,5317.62706286,nan,nan,nan,nan,nan,nan,nan
1791576725.3403826,nan,nan,nan,0,638093,5317.63539619,nan,nan,nan,nan,nan,nan,nan
1791576725.3485503,nan,nan,nan,0,638094,5317.64372952,nan,nan,nan,nan,nan,nan,nan
1791576725.358057,nan,nan,nan,0,638095,5317.65206285,nan,nan,nan,nan,nan,nan,nan
1791576725.365222,nan,nan,nan,0,638096,5317.66039618,nan,nan,nan,nan,nan,nan,nan
1791576725.3738174,nan,nan,nan,0,638097,5317.66872951,nan,nan,nan,nan,nan,nan,nan
1791576725.382293,nan,nan,nan,0,638098,5317.67706284,nan,nan,nan,nan,nan,nan,nan
1791576725.390443,nan,nan,nan,0,638099,5317.68539617,nan,nan,nan,nan,nan,nan,nan
1791576725.3986502,nan,nan,nan,0,638100,5317.6937295,nan,nan,nan,nan,nan,nan,nan
1791576725.4069483,nan,nan,nan,0,638101,5317.70206283,nan,nan,nan,nan,nan,nan,nan
1791576725.4151616,nan,nan,nan,0,638102,5317.71039616,nan,nan,nan,nan,nan,nan,nan
1791576725.4235244,nan,nan,nan,0,638103,5317.71872949,nan,nan,nan,nan,nan,nan,nan
1791576725.4323108,nan,nan,nan,0,638104,5317.72706282,nan,nan,nan,nan,nan,nan,nan
1791576725.44017,nan,nan,nan,0,638105,5317.73539615,nan,nan,nan,nan,nan,nan,nan
1791576725.448673,nan,nan,nan,0,638106,5317.74372948,nan,nan,nan,nan,nan,nan,nan
1791576725.457896,nan,nan,nan,0,638107,5317.75206281,nan,nan,nan,nan,nan,nan,nan
1791576725.4651392,nan,nan,nan,0,638108,5317.76039614,nan,nan,nan,nan,nan,nan,nan
1791576725.473698,nan,nan,nan,0,638109,5317.76872947,nan,nan,nan,nan,nan,nan,nan
1791576725.481707,nan,nan,nan,0,638110,5317.7770628,nan,nan,nan,nan,nan,nan,nan
1791576725.490007,nan,nan,nan,0,638111,5317.78539613,nan,nan,nan,nan,nan,nan,nan
1791576725.498467,nan,nan,nan,0,638112,5317.79372946,nan,nan,nan,nan,nan,nan,nan
1791576725.5067093,nan,nan,nan,0,638113,5317.80206279,nan,nan,nan,nan,nan,nan,nan
1791576725.5180998,nan,nan,nan,0,638114,5317.81039612,nan,nan,nan,nan,nan,nan,nan
1791576725.5234787,nan,nan,nan,0,638115,5317.81872945,nan,nan,nan,nan,nan,nan,nan
1791576725.531723,nan,nan,nan,0,638116,5317.82706278,nan,nan,nan,nan,nan,nan,nan
1791576725.540705,nan,nan,nan,0,638117,5317.83539611,nan,nan,nan,nan,nan,nan,nan
1791576725.5485597,nan,nan,nan,0,638118,5317.84372944,nan,nan,nan,nan,nan,nan,nan
1791576725.556792,nan,nan,nan,0,638119,5317.85206277,nan,nan,nan,nan,nan,nan,nan
1791576725.5650973,nan,nan,nan,0,638120,5317.8603961,nan,nan,nan,nan,nan,nan,nan
1791576725.5734642,nan,nan,nan,0,638121,5317.86872943,nan,nan,nan,nan,nan,nan,nan
1791576725.5821311,nan,nan,nan,0,638122,5317.87706276,nan,nan,nan,nan,nan,nan,nan
1791576725.5901077,nan,nan,nan,0,638123,5317.88539609,nan,nan,nan,nan,nan,nan,nan
1791576725.5984645,nan,nan,nan,0,638124,5317.89372942,nan,nan,nan,nan,nan,nan,nan
1791576725.6067524,nan,nan,nan,0,638125,5317.90206275,nan,nan,nan,nan,nan,nan,nan
1791576725.615663,nan,nan,nan,0,638126,5317.91039608,nan,nan,nan,nan,nan,nan,nan
1791576725.6240544,nan,nan,nan,0,638127,5317.91872941,nan,nan,nan,nan,nan,nan,nan
1791576725.6329894,nan,nan,nan,0,638128,5317.92706274,nan,nan,nan,nan,nan,nan,nan
1791576725.6417644,nan,nan,nan,0,638129,5317.93539607,nan,nan,nan,nan,nan,nan,nan
1791576725.6496603,nan,nan,nan,0,638130,5317.9437294,nan,nan,nan,nan,nan,nan,nan
1791576725.6580327,nan,nan,nan,0,638131,5317.95206273,nan,nan,nan,nan,nan,nan,nan
1791576725.6657116,nan,nan,nan,0,638132,5317.96039606,nan,nan,nan,nan,nan,nan,nan
1791576725.6750252,nan,nan,nan,0,638133,5317.96872939,nan,nan,nan,nan,nan,nan,nan
1791576725.682493,nan,nan,nan,0,638134,5317.97706272,nan,nan,nan,nan,nan,nan,nan
1791576725.6904716,nan,nan,nan,0,638135,5317.98539605,nan,nan,nan,nan,nan,nan,nan
1791576725.6985388,nan,nan,nan,0,638136,5317.99372938,nan,nan,nan,nan,nan,nan,nan
1791576725.7068114,nan,nan,nan,0,638137,5318.00206271,nan,nan,nan,nan,nan,nan,nan
1791576725.715241,nan,nan,nan,0,638138,5318.01039604,nan,nan,nan,nan,nan,nan,nan
1791576725.7235634,nan,nan,nan,0,638139,5318.01872937,nan,nan,nan,nan,nan,nan,nan
1791576725.7319014,nan,nan,nan,0,638140,5318.0270627,nan,nan,nan,nan,nan,nan,nan
1791576725.740251,nan,nan,nan,0,638141,5318.03539603,nan,nan,nan,nan,nan,nan,nan
1791576725.7484295,nan,nan,nan,0,638142,5318.04372936,nan,nan,nan,nan,nan,nan,nan
1791576725.7568243,nan,nan,nan,0,638143,5318.05206269,nan,nan,nan,nan,nan,nan,nan
1791576725.76527,nan,nan,nan,0,638144,5318.06039602,nan,nan,nan,nan,nan,nan,nan
1791576725.773538,nan,nan,nan,0,638145,5318.06872935,nan,nan,nan,nan,nan,nan,nan
1791576725.781611,nan,nan,nan,0,638146,5318.07706268,nan,nan,nan,nan,nan,nan,nan
1791576725.7921185,nan,nan,nan,0,638147,5318.08539601,nan,nan,nan,nan,nan,nan,nan
1791576725.7985725,nan,nan,nan,0,638148,5318.09372934,nan,nan,nan,nan,nan,nan,nan
1791576725.8069103,nan,nan,nan,0,638149,5318.10206267,nan,nan,nan,nan,nan,nan,nan
1791576725.8156939,nan,nan,nan,0,638150,5318.110396,nan,nan,nan,nan,nan,nan,nan
1791576725.8239503,nan,nan,nan,0,638151,5318.11872933,nan,nan,nan,nan,nan,nan,nan
1791576725.8316932,nan,nan,nan,0,638152,5318.12706266,nan,nan,nan,nan,nan,nan,nan
1791576725.8401594,nan,nan,nan,0,638153,5318.13539599,nan,nan,nan,nan,nan,nan,nan
1791576725.8492434,nan,nan,nan,0,638154,5318.14372932,nan,nan,nan,nan,nan,nan,nan
1791576725.856764,nan,nan,nan,0,638155,5318.15206265,nan,nan,nan,nan,nan,nan,nan
1791576725.8651493,nan,nan,nan,0,638156,5318.16039598,nan,nan,nan,nan,nan,nan,nan
1791576725.8734348,nan,nan,nan,0,638157,5318.16872931,nan,nan,nan,nan,nan,nan,nan
1791576725.8816788,nan,nan,nan,0,638158,5318.17706264,nan,nan,nan,nan,nan,nan,nan
1791576725.8901489,nan,nan,nan,0,638159,5318.18539597,nan,nan,nan,nan,nan,nan,nan
1791576725.8988113,nan,nan,nan,0,638160,5318.1937293,nan,nan,nan,nan,nan,nan,nan
1791576725.9067159,nan,nan,nan,0,638161,5318.20206263,nan,nan,nan,nan,nan,nan,nan
1791576725.9151983,nan,nan,nan,0,638162,5318.21039596,nan,nan,nan,nan,nan,nan,nan
1791576725.92357,nan,nan,nan,0,638163,5318.21872929,nan,nan,nan,nan,nan,nan,nan
1791576725.9318974,nan,nan,nan,0,638164,5318.22706262,nan,nan,nan,nan,nan,nan,nan
1791576725.9403176,nan,nan,nan,0,638165,5318.23539595,nan,nan,nan,nan,nan,nan,nan
1791576725.9484165,nan,nan,nan,0,638166,5318.24372928,nan,nan,nan,nan,nan,nan,nan
1791576725.956737,nan,nan,nan,0,638167,5318.25206261,nan,nan,nan,nan,nan,nan,nan
1791576725.9658742,nan,nan,nan,0,638168,5318.26039594,nan,nan,nan,nan,nan,nan,nan
1791576725.9733856,nan,nan,nan,0,638169,5318.26872927,nan,nan,nan,nan,nan,nan,nan
1791576725.982988,nan,nan,nan,0,638170,5318.2770626,nan,nan,nan,nan,nan,nan,nan
1791576725.9917998,nan,nan,nan,0,638171,5318.28539593,nan,nan,nan,nan,nan,nan,nan
1791576725.9983659,nan,nan,nan,0,638172,5318.29372926,nan,nan,nan,nan,nan,nan,nan
1791576726.0068097,nan,nan,nan,0,638173,5318.30206259,nan,nan,nan,nan,nan,nan,nan
1791576726.0151908,nan,nan,nan,0,638174,5318.31039592,nan,nan,nan,nan,nan,nan,nan
1791576726.0233665,nan,nan,nan,0,638175,5318.31872925,nan,nan,nan,nan,nan,nan,nan
1791576726.0316596,nan,nan,nan,0,638176,5318.32706258,nan,nan,nan,nan,nan,nan,nan
1791576726.04037,nan,nan,nan,0,638177,5318.33539591,nan,nan,nan,nan,nan,nan,nan
1791576726.0484724,nan,nan,nan,0,638178,5318.34372924,nan,nan,nan,nan,nan,nan,nan
1791576726.056758,nan,nan,nan,0,638179,5318.35206257,nan,nan,nan,nan,nan,nan,nan
1791576726.065145,nan,nan,nan,0,638180,5318.3603959,nan,nan,nan,nan,nan,nan,nan
1791576726.0736282,nan,nan,nan,0,638181,5318.36872923,nan,nan,nan,nan,nan,nan,nan
1791576726.0837567,nan,nan,nan,0,638182,5318.37706256,nan,nan,nan,nan,nan,nan,nan
1791576726.0904968,nan,nan,nan,0,638183,5318.38539589,nan,nan,nan,nan,nan,nan,nan
1791576726.0988274,nan,nan,nan,0,638184,5318.39372922,nan,nan,nan,nan,nan,nan,nan
1791576726.1068678,nan,nan,nan,0,638185,5318.40206255,nan,nan,nan,nan,nan,nan,nan
1791576726.1156585,nan,nan,nan,0,638186,5318.41039588,nan,nan,nan,nan,nan,nan,nan
1791576726.1235642,nan,nan,nan,0,638187,5318.41872921,nan,nan,nan,nan,nan,nan,nan
1791576726.1320405,nan,nan,nan,0,638188,5318.42706254,nan,nan,nan,nan,nan,nan,nan
1791576726.1407623,nan,nan,nan,0,638189,5318.43539587,nan,nan,nan,nan,nan,nan,nan
1791576726.1491234,nan,nan,nan,0,638190,5318.4437292,nan,nan,nan,nan,nan,nan,nan
1791576726.156737,nan,nan,nan,0,638191,5318.45206253,nan,nan,nan,nan,nan,nan,nan
1791576726.1652017,nan,nan,nan,0,638192,5318.46039586,nan,nan,nan,nan,nan,nan,nan
1791576726.1740534,nan,nan,nan,0,638193,5318.46872919,nan,nan,nan,nan,nan,nan,nan
1791576726.1818995,nan,nan,nan,0,638194,5318.47706252,nan,nan,nan,nan,nan,nan,nan
1791576726.1912482,nan,nan,nan,0,638195,5318.48539585,nan,nan,nan,nan,nan,nan,nan
1791576726.198523,nan,nan,nan,0,638196,5318.49372918,nan,nan,nan,nan,nan,nan,nan
1791576726.2068899,nan,nan,nan,0,638197,5318.50206251,nan,nan,nan,nan,nan,nan,nan
1791576726.215266,nan,nan,nan,0,638198,5318.51039584,nan,nan,nan,nan,nan,nan,nan
1791576726.2234952,nan,nan,nan,0,638199,5318.51872917,nan,nan,nan,nan,nan,nan,nan
1791576726.231763,nan,nan,nan,0,638200,5318.5270625,nan,nan,nan,nan,nan,nan,nan
1791576726.2402918,nan,nan,nan,0,638201,5318.53539583,nan,nan,nan,nan,nan,nan,nan
1791576726.249556,nan,nan,nan,0,638202,5318.54372916,nan,nan,nan,nan,nan,nan,nan
1791576726.256876,nan,nan,nan,0,638203,5318.55206249,nan,nan,nan,nan,nan,nan,nan
1791576726.266154,nan,nan,nan,0,638204,5318.56039582,nan,nan,nan,nan,nan,nan,nan
1791576726.2736807,nan,nan,nan,0,638205,5318.56872915,nan,nan,nan,nan,nan,nan,nan
1791576726.2820928,nan,nan,nan,0,638206,5318.57706248,nan,nan,nan,nan,nan,nan,nan
1791576726.290346,nan,nan,nan,0,638207,5318.58539581,nan,nan,nan,nan,nan,nan,nan
1791576726.2986717,nan,nan,nan,0,638208,5318.59372914,nan,nan,nan,nan,nan,nan,nan
1791576726.3069422,nan,nan,nan,0,638209,5318.60206247,nan,nan,nan,nan,nan,nan,nan
1791576726.315134,nan,nan,nan,0,638210,5318.6103958,nan,nan,nan,nan,nan,nan,nan
1791576726.3234246,nan,nan,nan,0,638211,5318.61872913,nan,nan,nan,nan,nan,nan,nan
1791576726.3317702,nan,nan,nan,0,638212,5318.62706246,nan,nan,nan,nan,nan,nan,nan
1791576726.3417192,nan,nan,nan,0,638213,5318.63539579,nan,nan,nan,nan,nan,nan,nan
1791576726.3484716,nan,nan,nan,0,638214,5318.64372912,nan,nan,nan,nan,nan,nan,nan
1791576726.3567133,nan,nan,nan,0,638215,5318.65206245,nan,nan,nan,nan,nan,nan,nan
1791576726.365228,nan,nan,nan,0,638216,5318.66039578,nan,nan,nan,nan,nan,nan,nan
1791576726.3735316,nan,nan,nan,0,638217,5318.66872911,nan,nan,nan,nan,nan,nan,nan
1791576726.3818026,nan,nan,nan,0,638218,5318.67706244,nan,nan,nan,nan,nan,nan,nan
1791576726.3904812,nan,nan,nan,0,638219,5318.68539577,nan,nan,nan,nan,nan,nan,nan
1791576726.399243,nan,nan,nan,0,638220,5318.6937291,nan,nan,nan,nan,nan,nan,nan
1791576726.4073586,nan,nan,nan,0,638221,5318.70206243,nan,nan,nan,nan,nan,nan,nan
1791576726.4156666,nan,nan,nan,0,638222,5318.71039576,nan,nan,nan,nan,nan,nan,nan
1791576726.4240706,nan,nan,nan,0,638223,5318.71872909,nan,nan,nan,nan,nan,nan,nan
1791576726.4323597,nan,nan,nan,0,638224,5318.72706242,nan,nan,nan,nan,nan,nan,nan
1791576726.4409268,nan,nan,nan,0,638225,5318.73539575,nan,nan,nan,nan,nan,nan,nan
1791576726.44917,nan,nan,nan,0,638226,5318.74372908,nan,nan,nan,nan,nan,nan,nan
1791576726.4575796,nan,nan,nan,0,638227,5318.75206241,nan,nan,nan,nan,nan,nan,nan
1791576726.4655623,nan,nan,nan,0,638228,5318.76039574,nan,nan,nan,nan,nan,nan,nan
1791576726.4738595,nan,nan,nan,0,638229,5318.76872907,nan,nan,nan,nan,nan,nan,nan
1791576726.4826841,nan,nan,nan,0,638230,5318.7770624,nan,nan,nan,nan,nan,nan,nan
1791576726.4905136,nan,nan,nan,0,638231,5318.78539573,nan,nan,nan,nan,nan,nan,nan
1791576726.4983976,nan,nan,nan,0,638232,5318.79372906,nan,nan,nan,nan,nan,nan,nan
1791576726.508772,nan,nan,nan,0,638233,5318.80206239,nan,nan,nan,nan,nan,nan,nan
1791576726.5150106,nan,nan,nan,0,638234,5318.81039572,nan,nan,nan,nan,nan,nan,nan
1791576726.5234456,nan,nan,nan,0,638235,5318.81872905,nan,nan,nan,nan,nan,nan,nan
1791576726.5323858,nan,nan,nan,0,638236,5318.82706238,nan,nan,nan,nan,nan,nan,nan
1791576726.5406487,nan,nan,nan,0,638237,5318.83539571,nan,nan,nan,nan,nan,nan,nan
1791576726.5484798,nan,nan,nan,0,638238,5318.84372904,nan,nan,nan,nan,nan,nan,nan
1791576726.5567577,nan,nan,nan,0,638239,5318.85206237,nan,nan,nan,nan,nan,nan,nan
1791576726.565152,nan,nan,nan,0,638240,5318.8603957,nan,nan,nan,nan,nan,nan,nan
1791576726.573447,nan,nan,nan,0,638241,5318.86872903,nan,nan,nan,nan,nan,nan,nan
1791576726.5817523,nan,nan,nan,0,638242,5318.87706236,nan,nan,nan,nan,nan,nan,nan
1791576726.5900297,nan,nan,nan,0,638243,5318.88539569,nan,nan,nan,nan,nan,nan,nan
1791576726.5984743,nan,nan,nan,0,638244,5318.89372902,nan,nan,nan,nan,nan,nan,nan
1791576726.6068106,nan,nan,nan,0,638245,5318.90206235,nan,nan,nan,nan,nan,nan,nan
1791576726.615283,nan,nan,nan,0,638246,5318.91039568,nan,nan,nan,nan,nan,nan,nan
1791576726.623601,nan,nan,nan,0,638247,5318.91872901,nan,nan,nan,nan,nan,nan,nan
1791576726.631887,nan,nan,nan,0,638248,5318.92706234,nan,nan,nan,nan,nan,nan,nan
1791576726.6415267,nan,nan,nan,0,638249,5318.93539567,nan,nan,nan,nan,nan,nan,nan
1791576726.648438,nan,nan,nan,0,638250,5318.943729,nan,nan,nan,nan,nan,nan,nan
1791576726.6581178,nan,nan,nan,0,638251,5318.95206233,nan,nan,nan,nan,nan,nan,nan
1791576726.6650794,nan,nan,nan,0,638252,5318.96039566,nan,nan,nan,nan,nan,nan,nan
1791576726.673788,nan,nan,nan,0,638253,5318.96872899,nan,nan,nan,nan,nan,nan,nan
1791576726.6829498,nan,nan,nan,0,638254,5318.97706232,nan,nan,nan,nan,nan,nan,nan
1791576726.6901445,nan,nan,nan,0,638255,5318.98539565,nan,nan,nan,nan,nan,nan,nan
1791576726.698442,nan,nan,nan,0,638256,5318.99372898,nan,nan,nan,nan,nan,nan,nan
1791576726.7068949,nan,nan,nan,0,638257,5319.00206231,nan,nan,nan,nan,nan,nan,nan
1791576726.715242,nan,nan,nan,0,638258,5319.01039564,nan,nan,nan,nan,nan,nan,nan
1791576726.7235272,nan,nan,nan,0,638259,5319.01872897,nan,nan,nan,nan,nan,nan,nan
1791576726.7317414,nan,nan,nan,0,638260,5319.0270623,nan,nan,nan,nan,nan,nan,nan
1791576726.7407174,nan,nan,nan,0,638261,5319.03539563,nan,nan,nan,nan,nan,nan,nan
1791576726.74846,nan,nan,nan,0,638262,5319.04372896,nan,nan,nan,nan,nan,nan,nan
1791576726.7571082,nan,nan,nan,0,638263,5319.05206229,nan,nan,nan,nan,nan,nan,nan
1791576726.7652965,nan,nan,nan,0,638264,5319.06039562,nan,nan,nan,nan,nan,nan,nan
1791576726.7736502,nan,nan,nan,0,638265,5319.06872895,nan,nan,nan,nan,nan,nan,nan
1791576726.7817676,nan,nan,nan,0,638266,5319.07706228,nan,nan,nan,nan,nan,nan,nan
1791576726.7901275,nan,nan,nan,0,638267,5319.08539561,nan,nan,nan,nan,nan,nan,nan
1791576726.798608,nan,nan,nan,0,638268,5319.09372894,nan,nan,nan,nan,nan,nan,nan
1791576726.806822,nan,nan,nan,0,638269,5319.10206227,nan,nan,nan,nan,nan,nan,nan
1791576726.8155208,nan,nan,nan,0,638270,5319.1103956,nan,nan,nan,nan,nan,nan,nan
1791576726.8238823,nan,nan,nan,0,638271,5319.11872893,nan,nan,nan,nan,nan,nan,nan
1791576726.8324432,nan,nan,nan,0,638272,5319.12706226,nan,nan,nan,nan,nan,nan,nan
1791576726.8403137,nan,nan,nan,0,638273,5319.13539559,nan,nan,nan,nan,nan,nan,nan
1791576726.8484013,nan,nan,nan,0,638274,5319.14372892,nan,nan,nan,nan,nan,nan,nan
1791576726.8570023,nan,nan,nan,0,638275,5319.15206225,nan,nan,nan,nan,nan,nan,nan
1791576726.8653078,nan,nan,nan,0,638276,5319.16039558,nan,nan,nan,nan,nan,nan,nan
1791576726.873487,nan,nan,nan,0,638277,5319.16872891,nan,nan,nan,nan,nan,nan,nan
1791576726.8818154,nan,nan,nan,0,638278,5319.17706224,nan,nan,nan,nan,nan,nan,nan
1791576726.8909304,nan,nan,nan,0,638279,5319.18539557,nan,nan,nan,nan,nan,nan,nan
1791576726.8993254,nan,nan,nan,0,638280,5319.1937289,nan,nan,nan,nan,nan,nan,nan
1791576726.9074106,nan,nan,nan,0,638281,5319.20206223,nan,nan,nan,nan,nan,nan,nan
1791576726.9151123,nan,nan,nan,0,638282,5319.21039556,nan,nan,nan,nan,nan,nan,nan
1791576726.9235406,nan,nan,nan,0,638283,5319.21872889,nan,nan,nan,nan,nan,nan,nan
1791576726.9316947,nan,nan,nan,0,638284,5319.22706222,nan,nan,nan,nan,nan,nan,nan
1791576726.9411159,nan,nan,nan,0,638285,5319.23539555,nan,nan,nan,nan,nan,nan,nan
1791576726.948361,nan,nan,nan,0,638286,5319.24372888,nan,nan,nan,nan,nan,nan,nan
1791576726.9569077,nan,nan,nan,0,638287,5319.25206221,nan,nan,nan,nan,nan,nan,nan
1791576726.965049,nan,nan,nan,0,638288,5319.26039554,nan,nan,nan,nan,nan,nan,nan
1791576726.9733083,nan,nan,nan,0,638289,5319.26872887,nan,nan,nan,nan,nan,nan,nan
1791576726.9818318,nan,nan,nan,0,638290,5319.2770622,nan,nan,nan,nan,nan,nan,nan
1791576726.9900703,nan,nan,nan,0,638291,5319.28539553,nan,nan,nan,nan,nan,nan,nan
1791576726.998901,nan,nan,nan,0,638292,5319.29372886,nan,nan,nan,nan,nan,nan,nan
1791576727.0075548,nan,nan,nan,0,638293,5319.30206219,nan,nan,nan,nan,nan,nan,nan
1791576727.0151868,nan,nan,nan,0,638294,5319.31039552,nan,nan,nan,nan,nan,nan,nan
1791576727.0235693,nan,nan,nan,0,638295,5319.31872885,nan,nan,nan,nan,nan,nan,nan
1791576727.0329692,nan,nan,nan,0,638296,5319.32706218,nan,nan,nan,nan,nan,nan,nan
1791576727.0411744,nan,nan,nan,0,638297,5319.33539551,nan,nan,nan,nan,nan,nan,nan
1791576727.048483,nan,nan,nan,0,638298,5319.34372884,nan,nan,nan,nan,nan,nan,nan
1791576727.05736,nan,nan,nan,0,638299,5319.35206217,nan,nan,nan,nan,nan,nan,nan
1791576727.0653625,nan,nan,nan,0,638300,5319.3603955,nan,nan,nan,nan,nan,nan,nan
1791576727.0743725,nan,nan,nan,0,638301,5319.36872883,nan,nan,nan,nan,nan,nan,nan
1791576727.0818205,nan,nan,nan,0,638302,5319.37706216,nan,nan,nan,nan,nan,nan,nan
1791576727.0902293,nan,nan,nan,0,638303,5319.38539549,nan,nan,nan,nan,nan,nan,nan
1791576727.1014054,nan,nan,nan,0,638304,5319.39372882,nan,nan,nan,nan,nan,nan,nan
1791576727.107128,nan,nan,nan,0,638305,5319.40206215,nan,nan,nan,nan,nan,nan,nan
1791576727.1158707,nan,nan,nan,0,638306,5319.41039548,nan,nan,nan,nan,nan,nan,nan
1791576727.1235697,nan,nan,nan,0,638307,5319.41872881,nan,nan,nan,nan,nan,nan,nan
1791576727.131901,nan,nan,nan,0,638308,5319.42706214,nan,nan,nan,nan,nan,nan,nan
1791576727.1415193,nan,nan,nan,0,638309,5319.43539547,nan,nan,nan,nan,nan,nan,nan
1791576727.1484048,nan,nan,nan,0,638310,5319.4437288,nan,nan,nan,nan,nan,nan,nan
1791576727.1567523,nan,nan,nan,0,638311,5319.45206213,nan,nan,nan,nan,nan,nan,nan
1791576727.1651328,nan,nan,nan,0,638312,5319.46039546,nan,nan,nan,nan,nan,nan,nan
1791576727.1734788,nan,nan,nan,0,638313,5319.46872879,nan,nan,nan,nan,nan,nan,nan
1791576727.1817381,nan,nan,nan,0,638314,5319.47706212,nan,nan,nan,nan,nan,nan,nan
1791576727.1901703,nan,nan,nan,0,638315,5319.48539545,nan,nan,nan,nan,nan,nan,nan
1791576727.1987832,nan,nan,nan,0,638316,5319.49372878,nan,nan,nan,nan,nan,nan,nan
1791576727.2067983,nan,nan,nan,0,638317,5319.50206211,nan,nan,nan,nan,nan,nan,nan
1791576727.2157187,nan,nan,nan,0,638318,5319.51039544,nan,nan,nan,nan,nan,nan,nan
1791576727.223622,nan,nan,nan,0,638319,5319.51872877,nan,nan,nan,nan,nan,nan,nan
1791576727.2333865,nan,nan,nan,0,638320,5319.5270621,nan,nan,nan,nan,nan,nan,nan
1791576727.24073,nan,nan,nan,0,638321,5319.53539543,nan,nan,nan,nan,nan,nan,nan
1791576727.249365,nan,nan,nan,0,638322,5319.54372876,nan,nan,nan,nan,nan,nan,nan
1791576727.2577953,nan,nan,nan,0,638323,5319.55206209,nan,nan,nan,nan,nan,nan,nan
1791576727.2656853,nan,nan,nan,0,638324,5319.56039542,nan,nan,nan,nan,nan,nan,nan
1791576727.273918,nan,nan,nan,0,638325,5319.56872875,nan,nan,nan,nan,nan,nan,nan
1791576727.2823954,nan,nan,nan,0,638326,5319.57706208,nan,nan,nan,nan,nan,nan,nan
1791576727.2910287,nan,nan,nan,0,638327,5319.58539541,nan,nan,nan,nan,nan,nan,nan
1791576727.2991521,nan,nan,nan,0,638328,5319.59372874,nan,nan,nan,nan,nan,nan,nan
1791576727.3075323,nan,nan,nan,0,638329,5319.60206207,nan,nan,nan,nan,nan,nan,nan
1791576727.3152044,nan,nan,nan,0,638330,5319.6103954,nan,nan,nan,nan,nan,nan,nan
1791576727.3234823,nan,nan,nan,0,638331,5319.61872873,nan,nan,nan,nan,nan,nan,nan
1791576727.3319829,nan,nan,nan,0,638332,5319.62706206,nan,nan,nan,nan,nan,nan,nan
1791576727.3403306,nan,nan,nan,0,638333,5319.63539539,nan,nan,nan,nan,nan,nan,nan
1791576727.3490484,nan,nan,nan,0,638334,5319.64372872,nan,nan,nan,nan,nan,nan,nan
1791576727.3568635,nan,nan,nan,0,638335,5319.65206205,nan,nan,nan,nan,nan,nan,nan
1791576727.3653128,nan,nan,nan,0,638336,5319.66039538,nan,nan,nan,nan,nan,nan,nan
1791576727.3736064,nan,nan,nan,0,638337,5319.66872871,nan,nan,nan,nan,nan,nan,nan
1791576727.3818057,nan,nan,nan,0,638338,5319.67706204,nan,nan,nan,nan,nan,nan,nan
1791576727.3902066,nan,nan,nan,0,638339,5319.68539537,nan,nan,nan,nan,nan,nan,nan
1791576727.3995779,nan,nan,nan,0,638340,5319.6937287,nan,nan,nan,nan,nan,nan,nan
1791576727.4067645,nan,nan,nan,0,638341,5319.70206203,nan,nan,nan,nan,nan,nan,nan
1791576727.4160151,nan,nan,nan,0,638342,5319.71039536,nan,nan,nan,nan,nan,nan,nan
1791576727.4234629,nan,nan,nan,0,638343,5319.71872869,nan,nan,nan,nan,nan,nan,nan
1791576727.431956,nan,nan,nan,0,638344,5319.72706202,nan,nan,nan,nan,nan,nan,nan
1791576727.4402847,nan,nan,nan,0,638345,5319.73539535,nan,nan,nan,nan,nan,nan,nan
1791576727.4486454,nan,nan,nan,0,638346,5319.74372868,nan,nan,nan,nan,nan,nan,nan
1791576727.4567618,nan,nan,nan,0,638347,5319.75206201,nan,nan,nan,nan,nan,nan,nan
1791576727.4651859,nan,nan,nan,0,638348,5319.76039534,nan,nan,nan,nan,nan,nan,nan
1791576727.4735234,nan,nan,nan,0,638349,5319.76872867,nan,nan,nan,nan,nan,nan,nan
1791576727.4817863,nan,nan,nan,0,638350,5319.777062,nan,nan,nan,nan,nan,nan,nan
1791576727.4906833,nan,nan,nan,0,638351,5319.78539533,nan,nan,nan,nan,nan,nan,nan
1791576727.4983726,nan,nan,nan,0,638352,5319.79372866,nan,nan,nan,nan,nan,nan,nan
1791576727.5067487,nan,nan,nan,0,638353,5319.80206199,nan,nan,nan,nan,nan,nan,nan
1791576727.515217,nan,nan,nan,0,638354,5319.81039532,nan,nan,nan,nan,nan,nan,nan
1791576727.5233512,nan,nan,nan,0,638355,5319.81872865,nan,nan,nan,nan,nan,nan,nan
1791576727.5339088,nan,nan,nan,0,638356,5319.82706198,nan,nan,nan,nan,nan,nan,nan
1791576727.540559,nan,nan,nan,0,638357,5319.83539531,nan,nan,nan,nan,nan,nan,nan
1791576727.548726,nan,nan,nan,0,638358,5319.84372864,nan,nan,nan,nan,nan,nan,nan
1791576727.5567102,nan,nan,nan,0,638359,5319.85206197,nan,nan,nan,nan,nan,nan,nan
1791576727.56511,nan,nan,nan,0,638360,5319.8603953,nan,nan,nan,nan,nan,nan,nan
1791576727.5745337,nan,nan,nan,0,638361,5319.86872863,nan,nan,nan,nan,nan,nan,nan
1791576727.582095,nan,nan,nan,0,638362,5319.87706196,nan,nan,nan,nan,nan,nan,nan
1791576727.5900424,nan,nan,nan,0,638363,5319.88539529,nan,nan,nan,nan,nan,nan,nan
1791576727.6002035,nan,nan,nan,0,638364,5319.89372862,nan,nan,nan,nan,nan,nan,nan
1791576727.6080217,nan,nan,nan,0,638365,5319.90206195,nan,nan,nan,nan,nan,nan,nan
1791576727.6166804,nan,nan,nan,0,638366,5319.91039528,nan,nan,nan,nan,nan,nan,nan
1791576727.6241543,nan,nan,nan,0,638367,5319.91872861,nan,nan,nan,nan,nan,nan,nan
1791576727.6359835,nan,nan,nan,0,638368,5319.92706194,nan,nan,nan,nan,nan,nan,nan
1791576727.643526,nan,nan,nan,0,638369,5319.93539527,nan,nan,nan,nan,nan,nan,nan
1791576727.653145,nan,nan,nan,0,638370,5319.9437286,nan,nan,nan,nan,nan,nan,nan
1791576727.657297,nan,nan,nan,0,638371,5319.95206193,nan,nan,nan,nan,nan,nan,nan
1791576727.6658301,nan,nan,nan,0,638372,5319.96039526,nan,nan,nan,nan,nan,nan,nan
1791576727.6738932,nan,nan,nan,0,638373,5319.96872859,nan,nan,nan,nan,nan,nan,nan
1791576727.6827283,nan,nan,nan,0,638374,5319.97706192,nan,nan,nan,nan,nan,nan,nan
1791576727.6927426,nan,nan,nan,0,638375,5319.98539525,nan,nan,nan,nan,nan,nan,nan
1791576727.6985645,nan,nan,nan,0,638376,5319.99372858,nan,nan,nan,nan,nan,nan,nan
1791576727.70699,nan,nan,nan,0,638377,5320.00206191,nan,nan,nan,nan,nan,nan,nan
1791576727.7153046,nan,nan,nan,0,638378,5320.01039524,nan,nan,nan,nan,nan,nan,nan
1791576727.7244086,nan,nan,nan,0,638379,5320.01872857,nan,nan,nan,nan,nan,nan,nan
1791576727.731772,nan,nan,nan,0,638380,5320.0270619,nan,nan,nan,nan,nan,nan,nan
1791576727.74102,nan,nan,nan,0,638381,5320.03539523,nan,nan,nan,nan,nan,nan,nan
1791576727.7486928,nan,nan,nan,0,638382,5320.04372856,nan,nan,nan,nan,nan,nan,nan
1791576727.756861,nan,nan,nan,0,638383,5320.05206189,nan,nan,nan,nan,nan,nan,nan
1791576727.7650192,nan,nan,nan,0,638384,5320.06039522,nan,nan,nan,nan,nan,nan,nan
1791576727.7739377,nan,nan,nan,0,638385,5320.06872855,nan,nan,nan,nan,nan,nan,nan
1791576727.781982,nan,nan,nan,0,638386,5320.07706188,nan,nan,nan,nan,nan,nan,nan
1791576727.7902255,nan,nan,nan,0,638387,5320.08539521,nan,nan,nan,nan,nan,nan,nan
1791576727.7986734,nan,nan,nan,0,638388,5320.09372854,nan,nan,nan,nan,nan,nan,nan
1791576727.80687,nan,nan,nan,0,638389,5320.10206187,nan,nan,nan,nan,nan,nan,nan
1791576727.8152385,nan,nan,nan,0,638390,5320.1103952,nan,nan,nan,nan,nan,nan,nan
1791576727.8235776,nan,nan,nan,0,638391,5320.11872853,nan,nan,nan,nan,nan,nan,nan
1791576727.8318582,nan,nan,nan,0,638392,5320.12706186,nan,nan,nan,nan,nan,nan,nan
1791576727.840272,nan,nan,nan,0,638393,5320.13539519,nan,nan,nan,nan,nan,nan,nan
1791576727.848496,nan,nan,nan,0,638394,5320.14372852,nan,nan,nan,nan,nan,nan,nan
1791576727.8569276,nan,nan,nan,0,638395,5320.15206185,nan,nan,nan,nan,nan,nan,nan
1791576727.8655782,nan,nan,nan,0,638396,5320.16039518,nan,nan,nan,nan,nan,nan,nan
1791576727.87658,nan,nan,nan,0,638397,5320.16872851,nan,nan,nan,nan,nan,nan,nan
1791576727.8818011,nan,nan,nan,0,638398,5320.17706184,nan,nan,nan,nan,nan,nan,nan
1791576727.8901863,nan,nan,nan,0,638399,5320.18539517,nan,nan,nan,nan,nan,nan,nan
1791576727.8986847,nan,nan,nan,0,638400,5320.1937285,nan,nan,nan,nan,nan,nan,nan
1791576727.9074833,nan,nan,nan,0,638401,5320.20206183,nan,nan,nan,nan,nan,nan,nan
1791576727.915543,nan,nan,nan,0,638402,5320.21039516,nan,nan,nan,nan,nan,nan,nan
1791576727.923556,nan,nan,nan,0,638403,5320.21872849,nan,nan,nan,nan,nan,nan,nan
1791576727.931829,nan,nan,nan,0,638404,5320.22706182,nan,nan,nan,nan,nan,nan,nan
1791576727.9400873,nan,nan,nan,0,638405,5320.23539515,nan,nan,nan,nan,nan,nan,nan
1791576727.9484713,nan,nan,nan,0,638406,5320.24372848,nan,nan,nan,nan,nan,nan,nan
1791576727.9566793,nan,nan,nan,0,638407,5320.25206181,nan,nan,nan,nan,nan,nan,nan
1791576727.9650779,nan,nan,nan,0,638408,5320.26039514,nan,nan,nan,nan,nan,nan,nan
1791576727.9733593,nan,nan,nan,0,638409,5320.26872847,nan,nan,nan,nan,nan,nan,nan
1791576727.9817295,nan,nan,nan,0,638410,5320.2770618,nan,nan,nan,nan,nan,nan,nan
1791576727.990078,nan,nan,nan,0,638411,5320.28539513,nan,nan,nan,nan,nan,nan,nan
1791576727.998808,nan,nan,nan,0,638412,5320.29372846,nan,nan,nan,nan,nan,nan,nan
1791576728.0067582,nan,nan,nan,0,638413,5320.30206179,nan,nan,nan,nan,nan,nan,nan
1791576728.0153625,nan,nan,nan,0,638414,5320.31039512,nan,nan,nan,nan,nan,nan,nan
1791576728.0236688,nan,nan,nan,0,638415,5320.31872845,nan,nan,nan,nan,nan,nan,nan
1791576728.031723,nan,nan,nan,0,638416,5320.32706178,nan,nan,nan,nan,nan,nan,nan
1791576728.0400279,nan,nan,nan,0,638417,5320.33539511,nan,nan,nan,nan,nan,nan,nan
1791576728.0485177,nan,nan,nan,0,638418,5320.34372844,nan,nan,nan,nan,nan,nan,nan
1791576728.0567372,nan,nan,nan,0,638419,5320.35206177,nan,nan,nan,nan,nan,nan,nan
1791576728.0652068,nan,nan,nan,0,638420,5320.3603951,nan,nan,nan,nan,nan,nan,nan
1791576728.0738232,nan,nan,nan,0,638421,5320.36872843,nan,nan,nan,nan,nan,nan,nan
1791576728.082552,nan,nan,nan,0,638422,5320.37706176,nan,nan,nan,nan,nan,nan,nan
1791576728.0910232,nan,nan,nan,0,638423,5320.38539509,nan,nan,nan,nan,nan,nan,nan
1791576728.0984309,nan,nan,nan,0,638424,5320.39372842,nan,nan,nan,nan,nan,nan,nan
1791576728.1069875,nan,nan,nan,0,638425,5320.40206175,nan,nan,nan,nan,nan,nan,nan
1791576728.1159492,nan,nan,nan,0,638426,5320.41039508,nan,nan,nan,nan,nan,nan,nan
1791576728.1235693,nan,nan,nan,0,638427,5320.41872841,nan,nan,nan,nan,nan,nan,nan
1791576728.1317635,nan,nan,nan,0,638428,5320.42706174,nan,nan,nan,nan,nan,nan,nan
1791576728.1401188,nan,nan,nan,0,638429,5320.43539507,nan,nan,nan,nan,nan,nan,nan
1791576728.148524,nan,nan,nan,0,638430,5320.4437284,nan,nan,nan,nan,nan,nan,nan
1791576728.1568747,nan,nan,nan,0,638431,5320.45206173,nan,nan,nan,nan,nan,nan,nan
1791576728.1651976,nan,nan,nan,0,638432,5320.46039506,nan,nan,nan,nan,nan,nan,nan
1791576728.1734822,nan,nan,nan,0,638433,5320.46872839,nan,nan,nan,nan,nan,nan,nan
1791576728.1823647,nan,nan,nan,0,638434,5320.47706172,nan,nan,nan,nan,nan,nan,nan
1791576728.1905935,nan,nan,nan,0,638435,5320.48539505,nan,nan,nan,nan,nan,nan,nan
1791576728.1985486,nan,nan,nan,0,638436,5320.49372838,nan,nan,nan,nan,nan,nan,nan
1791576728.2069652,nan,nan,nan,0,638437,5320.50206171,nan,nan,nan,nan,nan,nan,nan
1791576728.2151318,nan,nan,nan,0,638438,5320.51039504,nan,nan,nan,nan,nan,nan,nan
1791576728.2236173,nan,nan,nan,0,638439,5320.51872837,nan,nan,nan,nan,nan,nan,nan
1791576728.231915,nan,nan,nan,0,638440,5320.5270617,nan,nan,nan,nan,nan,nan,nan
1791576728.2402222,nan,nan,nan,0,638441,5320.53539503,nan,nan,nan,nan,nan,nan,nan
1791576728.2490404,nan,nan,nan,0,638442,5320.54372836,nan,nan,nan,nan,nan,nan,nan
1791576728.2567735,nan,nan,nan,0,638443,5320.55206169,nan,nan,nan,nan,nan,nan,nan
1791576728.2651753,nan,nan,nan,0,638444,5320.56039502,nan,nan,nan,nan,nan,nan,nan
1791576728.2736466,nan,nan,nan,0,638445,5320.56872835,nan,nan,nan,nan,nan,nan,nan
1791576728.2819083,nan,nan,nan,0,638446,5320.57706168,nan,nan,nan,nan,nan,nan,nan
1791576728.2904274,nan,nan,nan,0,638447,5320.58539501,nan,nan,nan,nan,nan,nan,nan
1791576728.2984903,nan,nan,nan,0,638448,5320.59372834,nan,nan,nan,nan,nan,nan,nan
1791576728.3069034,nan,nan,nan,0,638449,5320.60206167,nan,nan,nan,nan,nan,nan,nan
1791576728.3152092,nan,nan,nan,0,638450,5320.610395,nan,nan,nan,nan,nan,nan,nan
1791576728.3247454,nan,nan,nan,0,638451,5320.61872833,nan,nan,nan,nan,nan,nan,nan
1791576728.33175,nan,nan,nan,0,638452,5320.62706166,nan,nan,nan,nan,nan,nan,nan
1791576728.341522,nan,nan,nan,0,638453,5320.63539499,nan,nan,nan,nan,nan,nan,nan
1791576728.3491468,nan,nan,nan,0,638454,5320.64372832,nan,nan,nan,nan,nan,nan,nan
1791576728.3568764,nan,nan,nan,0,638455,5320.65206165,nan,nan,nan,nan,nan,nan,nan
1791576728.365536,nan,nan,nan,0,638456,5320.66039498,nan,nan,nan,nan,nan,nan,nan
1791576728.3739917,nan,nan,nan,0,638457,5320.66872831,nan,nan,nan,nan,nan,nan,nan
1791576728.3821607,nan,nan,nan,0,638458,5320.67706164,nan,nan,nan,nan,nan,nan,nan
1791576728.3913188,nan,nan,nan,0,638459,5320.68539497,nan,nan,nan,nan,nan,nan,nan
1791576728.3984127,nan,nan,nan,0,638460,5320.6937283,nan,nan,nan,nan,nan,nan,nan
1791576728.406689,nan,nan,nan,0,638461,5320.70206163,nan,nan,nan,nan,nan,nan,nan
1791576728.4157095,nan,nan,nan,0,638462,5320.71039496,nan,nan,nan,nan,nan,nan,nan
1791576728.4240572,nan,nan,nan,0,638463,5320.71872829,nan,nan,nan,nan,nan,nan,nan
1791576728.4355226,nan,nan,nan,0,638464,5320.72706162,nan,nan,nan,nan,nan,nan,nan
1791576728.441218,nan,nan,nan,0,638465,5320.73539495,nan,nan,nan,nan,nan,nan,nan
1791576728.44939,nan,nan,nan,0,638466,5320.74372828,nan,nan,nan,nan,nan,nan,nan
1791576728.4573824,nan,nan,nan,0,638467,5320.75206161,nan,nan,nan,nan,nan,nan,nan
1791576728.4660697,nan,nan,nan,0,638468,5320.76039494,nan,nan,nan,nan,nan,nan,nan
1791576728.473997,nan,nan,nan,0,638469,5320.76872827,nan,nan,nan,nan,nan,nan,nan
1791576728.4823112,nan,nan,nan,0,638470,5320.7770616,nan,nan,nan,nan,nan,nan,nan
1791576728.4904575,nan,nan,nan,0,638471,5320.78539493,nan,nan,nan,nan,nan,nan,nan
1791576728.4985874,nan,nan,nan,0,638472,5320.79372826,nan,nan,nan,nan,nan,nan,nan
1791576728.506897,nan,nan,nan,0,638473,5320.80206159,nan,nan,nan,nan,nan,nan,nan
1791576728.5151272,nan,nan,nan,0,638474,5320.81039492,nan,nan,nan,nan,nan,nan,nan
1791576728.5235357,nan,nan,nan,0,638475,5320.81872825,nan,nan,nan,nan,nan,nan,nan
1791576728.5318143,nan,nan,nan,0,638476,5320.82706158,nan,nan,nan,nan,nan,nan,nan
1791576728.5431998,nan,nan,nan,0,638477,5320.83539491,nan,nan,nan,nan,nan,nan,nan
1791576728.5485613,nan,nan,nan,0,638478,5320.84372824,nan,nan,nan,nan,nan,nan,nan
1791576728.5569978,nan,nan,nan,0,638479,5320.85206157,nan,nan,nan,nan,nan,nan,nan
1791576728.565248,nan,nan,nan,0,638480,5320.8603949,nan,nan,nan,nan,nan,nan,nan
1791576728.5735898,nan,nan,nan,0,638481,5320.86872823,nan,nan,nan,nan,nan,nan,nan
1791576728.5820918,nan,nan,nan,0,638482,5320.87706156,nan,nan,nan,nan,nan,nan,nan
1791576728.5901082,nan,nan,nan,0,638483,5320.88539489,nan,nan,nan,nan,nan,nan,nan
1791576728.5985096,nan,nan,nan,0,638484,5320.89372822,nan,nan,nan,nan,nan,nan,nan
1791576728.6076736,nan,nan,nan,0,638485,5320.90206155,nan,nan,nan,nan,nan,nan,nan
1791576728.6158853,nan,nan,nan,0,638486,5320.91039488,nan,nan,nan,nan,nan,nan,nan
1791576728.6235533,nan,nan,nan,0,638487,5320.91872821,nan,nan,nan,nan,nan,nan,nan
1791576728.6330855,nan,nan,nan,0,638488,5320.92706154,nan,nan,nan,nan,nan,nan,nan
1791576728.6400325,nan,nan,nan,0,638489,5320.93539487,nan,nan,nan,nan,nan,nan,nan
1791576728.6485286,nan,nan,nan,0,638490,5320.9437282,nan,nan,nan,nan,nan,nan,nan
1791576728.6568112,nan,nan,nan,0,638491,5320.95206153,nan,nan,nan,nan,nan,nan,nan
1791576728.6653068,nan,nan,nan,0,638492,5320.96039486,nan,nan,nan,nan,nan,nan,nan
1791576728.6742907,nan,nan,nan,0,638493,5320.96872819,nan,nan,nan,nan,nan,nan,nan
1791576728.6817741,nan,nan,nan,0,638494,5320.97706152,nan,nan,nan,nan,nan,nan,nan
1791576728.6905508,nan,nan,nan,0,638495,5320.98539485,nan,nan,nan,nan,nan,nan,nan
1791576728.698471,nan,nan,nan,0,638496,5320.99372818,nan,nan,nan,nan,nan,nan,nan
1791576728.706769,nan,nan,nan,0,638497,5321.00206151,nan,nan,nan,nan,nan,nan,nan
1791576728.715488,nan,nan,nan,0,638498,5321.01039484,nan,nan,nan,nan,nan,nan,nan
1791576728.7234902,nan,nan,nan,0,638499,5321.01872817,nan,nan,nan,nan,nan,nan,nan
1791576728.7318473,nan,nan,nan,0,638500,5321.0270615,nan,nan,nan,nan,nan,nan,nan
1791576728.740574,nan,nan,nan,0,638501,5321.03539483,nan,nan,nan,nan,nan,nan,nan
1791576728.7489507,nan,nan,nan,0,638502,5321.04372816,nan,nan,nan,nan,nan,nan,nan
1791576728.7567773,nan,nan,nan,0,638503,5321.05206149,nan,nan,nan,nan,nan,nan,nan
1791576728.7655294,nan,nan,nan,0,638504,5321.06039482,nan,nan,nan,nan,nan,nan,nan
1791576728.7734427,nan,nan,nan,0,638505,5321.06872815,nan,nan,nan,nan,nan,nan,nan
1791576728.7819154,nan,nan,nan,0,638506,5321.07706148,nan,nan,nan,nan,nan,nan,nan
1791576728.7902849,nan,nan,nan,0,638507,5321.08539481,nan,nan,nan,nan,nan,nan,nan
1791576728.7987378,nan,nan,nan,0,638508,5321.09372814,nan,nan,nan,nan,nan,nan,nan
1791576728.8068953,nan,nan,nan,0,638509,5321.10206147,nan,nan,nan,nan,nan,nan,nan
1791576728.8152676,nan,nan,nan,0,638510,5321.1103948,nan,nan,nan,nan,nan,nan,nan
1791576728.8235111,nan,nan,nan,0,638511,5321.11872813,nan,nan,nan,nan,nan,nan,nan
1791576728.8329978,nan,nan,nan,0,638512,5321.12706146,nan,nan,nan,nan,nan,nan,nan
1791576728.840178,nan,nan,nan,0,638513,5321.13539479,nan,nan,nan,nan,nan,nan,nan
1791576728.8490734,nan,nan,nan,0,638514,5321.14372812,nan,nan,nan,nan,nan,nan,nan
1791576728.856938,nan,nan,nan,0,638515,5321.15206145,nan,nan,nan,nan,nan,nan,nan
1791576728.865323,nan,nan,nan,0,638516,5321.16039478,nan,nan,nan,nan,nan,nan,nan
1791576728.8736,nan,nan,nan,0,638517,5321.16872811,nan,nan,nan,nan,nan,nan,nan
1791576728.88207,nan,nan,nan,0,638518,5321.17706144,nan,nan,nan,nan,nan,nan,nan
1791576728.89031,nan,nan,nan,0,638519,5321.18539477,nan,nan,nan,nan,nan,nan,nan
1791576728.8984954,nan,nan,nan,0,638520,5321.1937281,nan,nan,nan,nan,nan,nan,nan
1791576728.9071388,nan,nan,nan,0,638521,5321.20206143,nan,nan,nan,nan,nan,nan,nan
1791576728.91529,nan,nan,nan,0,638522,5321.21039476,nan,nan,nan,nan,nan,nan,nan
1791576728.9236813,nan,nan,nan,0,638523,5321.21872809,nan,nan,nan,nan,nan,nan,nan
1791576728.931762,nan,nan,nan,0,638524,5321.22706142,nan,nan,nan,nan,nan,nan,nan
1791576728.9404016,nan,nan,nan,0,638525,5321.23539475,nan,nan,nan,nan,nan,nan,nan
1791576728.948416,nan,nan,nan,0,638526,5321.24372808,nan,nan,nan,nan,nan,nan,nan
1791576728.957013,nan,nan,nan,0,638527,5321.25206141,nan,nan,nan,nan,nan,nan,nan
1791576728.9661326,nan,nan,nan,0,638528,5321.26039474,nan,nan,nan,nan,nan,nan,nan
1791576728.97347,nan,nan,nan,0,638529,5321.26872807,nan,nan,nan,nan,nan,nan,nan
1791576728.981816,nan,nan,nan,0,638530,5321.2770614,nan,nan,nan,nan,nan,nan,nan
1791576728.9901533,nan,nan,nan,0,638531,5321.28539473,nan,nan,nan,nan,nan,nan,nan
1791576728.998898,nan,nan,nan,0,638532,5321.29372806,nan,nan,nan,nan,nan,nan,nan
1791576729.0067391,nan,nan,nan,0,638533,5321.30206139,nan,nan,nan,nan,nan,nan,nan
1791576729.017065,nan,nan,nan,0,638534,5321.31039472,nan,nan,nan,nan,nan,nan,nan
1791576729.0234084,nan,nan,nan,0,638535,5321.31872805,nan,nan,nan,nan,nan,nan,nan
1791576729.031804,nan,nan,nan,0,638536,5321.32706138,nan,nan,nan,nan,nan,nan,nan
1791576729.0401511,nan,nan,nan,0,638537,5321.33539471,nan,nan,nan,nan,nan,nan,nan
1791576729.0489948,nan,nan,nan,0,638538,5321.34372804,nan,nan,nan,nan,nan,nan,nan
1791576729.0567517,nan,nan,nan,0,638539,5321.35206137,nan,nan,nan,nan,nan,nan,nan
1791576729.0654843,nan,nan,nan,0,638540,5321.3603947,nan,nan,nan,nan,nan,nan,nan
1791576729.073571,nan,nan,nan,0,638541,5321.36872803,nan,nan,nan,nan,nan,nan,nan
1791576729.0829751,nan,nan,nan,0,638542,5321.37706136,nan,nan,nan,nan,nan,nan,nan
1791576729.0900524,nan,nan,nan,0,638543,5321.38539469,nan,nan,nan,nan,nan,nan,nan
1791576729.0984683,nan,nan,nan,0,638544,5321.39372802,nan,nan,nan,nan,nan,nan,nan
1791576729.1068988,nan,nan,nan,0,638545,5321.40206135,nan,nan,nan,nan,nan,nan,nan
1791576729.1160102,nan,nan,nan,0,638546,5321.41039468,nan,nan,nan,nan,nan,nan,nan
1791576729.1240284,nan,nan,nan,0,638547,5321.41872801,nan,nan,nan,nan,nan,nan,nan
1791576729.131837,nan,nan,nan,0,638548,5321.42706134,nan,nan,nan,nan,nan,nan,nan
1791576729.1402023,nan,nan,nan,0,638549,5321.43539467,nan,nan,nan,nan,nan,nan,nan
1791576729.1505144,nan,nan,nan,0,638550,5321.443728,nan,nan,nan,nan,nan,nan,nan
1791576729.1575117,nan,nan,nan,0,638551,5321.45206133,nan,nan,nan,nan,nan,nan,nan
1791576729.165569,nan,nan,nan,0,638552,5321.46039466,nan,nan,nan,nan,nan,nan,nan
1791576729.1735818,nan,nan,nan,0,638553,5321.46872799,nan,nan,nan,nan,nan,nan,nan
1791576729.1818335,nan,nan,nan,0,638554,5321.47706132,nan,nan,nan,nan,nan,nan,nan
1791576729.1902344,nan,nan,nan,0,638555,5321.48539465,nan,nan,nan,nan,nan,nan,nan
1791576729.1984801,nan,nan,nan,0,638556,5321.49372798,nan,nan,nan,nan,nan,nan,nan
1791576729.2071683,nan,nan,nan,0,638557,5321.50206131,nan,nan,nan,nan,nan,nan,nan
1791576729.2151694,nan,nan,nan,0,638558,5321.51039464,nan,nan,nan,nan,nan,nan,nan
1791576729.224172,nan,nan,nan,0,638559,5321.51872797,nan,nan,nan,nan,nan,nan,nan
1791576729.2318964,nan,nan,nan,0,638560,5321.5270613,nan,nan,nan,nan,nan,nan,nan
1791576729.2403402,nan,nan,nan,0,638561,5321.53539463,nan,nan,nan,nan,nan,nan,nan
1791576729.2486305,nan,nan,nan,0,638562,5321.54372796,nan,nan,nan,nan,nan,nan,nan
1791576729.2587047,nan,nan,nan,0,638563,5321.55206129,nan,nan,nan,nan,nan,nan,nan
1791576729.2656455,nan,nan,nan,0,638564,5321.56039462,nan,nan,nan,nan,nan,nan,nan
1791576729.2743237,nan,nan,nan,0,638565,5321.56872795,nan,nan,nan,nan,nan,nan,nan
1791576729.2825153,nan,nan,nan,0,638566,5321.57706128,nan,nan,nan,nan,nan,nan,nan
1791576729.2907546,nan,nan,nan,0,638567,5321.58539461,nan,nan,nan,nan,nan,nan,nan
1791576729.2992022,nan,nan,nan,0,638568,5321.59372794,nan,nan,nan,nan,nan,nan,nan
1791576729.3078501,nan,nan,nan,0,638569,5321.60206127,nan,nan,nan,nan,nan,nan,nan
1791576729.3155532,nan,nan,nan,0,638570,5321.6103946,nan,nan,nan,nan,nan,nan,nan
1791576729.324136,nan,nan,nan,0,638571,5321.61872793,nan,nan,nan,nan,nan,nan,nan
1791576729.3323174,nan,nan,nan,0,638572,5321.62706126,nan,nan,nan,nan,nan,nan,nan
1791576729.3402045,nan,nan,nan,0,638573,5321.63539459,nan,nan,nan,nan,nan,nan,nan
1791576729.3532455,nan,nan,nan,0,638574,5321.64372792,nan,nan,nan,nan,nan,nan,nan
1791576729.356703,nan,nan,nan,0,638575,5321.65206125,nan,nan,nan,nan,nan,nan,nan
1791576729.365102,nan,nan,nan,0,638576,5321.66039458,nan,nan,nan,nan,nan,nan,nan
1791576729.3735735,nan,nan,nan,0,638577,5321.66872791,nan,nan,nan,nan,nan,nan,nan
1791576729.3818958,nan,nan,nan,0,638578,5321.67706124,nan,nan,nan,nan,nan,nan,nan
1791576729.3902314,nan,nan,nan,0,638579,5321.68539457,nan,nan,nan,nan,nan,nan,nan
1791576729.3986645,nan,nan,nan,0,638580,5321.6937279,nan,nan,nan,nan,nan,nan,nan
1791576729.4068794,nan,nan,nan,0,638581,5321.70206123,nan,nan,nan,nan,nan,nan,nan
1791576729.4152055,nan,nan,nan,0,638582,5321.71039456,nan,nan,nan,nan,nan,nan,nan
1791576729.4233763,nan,nan,nan,0,638583,5321.71872789,nan,nan,nan,nan,nan,nan,nan
1791576729.4317117,nan,nan,nan,0,638584,5321.72706122,nan,nan,nan,nan,nan,nan,nan
1791576729.4402199,nan,nan,nan,0,638585,5321.73539455,nan,nan,nan,nan,nan,nan,nan
1791576729.448513,nan,nan,nan,0,638586,5321.74372788,nan,nan,nan,nan,nan,nan,nan
1791576729.4566817,nan,nan,nan,0,638587,5321.75206121,nan,nan,nan,nan,nan,nan,nan
1791576729.4653037,nan,nan,nan,0,638588,5321.76039454,nan,nan,nan,nan,nan,nan,nan
1791576729.4734583,nan,nan,nan,0,638589,5321.76872787,nan,nan,nan,nan,nan,nan,nan
1791576729.4818552,nan,nan,nan,0,638590,5321.7770612,nan,nan,nan,nan,nan,nan,nan
1791576729.4906518,nan,nan,nan,0,638591,5321.78539453,nan,nan,nan,nan,nan,nan,nan
1791576729.4984207,nan,nan,nan,0,638592,5321.79372786,nan,nan,nan,nan,nan,nan,nan
1791576729.5071366,nan,nan,nan,0,638593,5321.80206119,nan,nan,nan,nan,nan,nan,nan
1791576729.5150669,nan,nan,nan,0,638594,5321.81039452,nan,nan,nan,nan,nan,nan,nan
1791576729.5235233,nan,nan,nan,0,638595,5321.81872785,nan,nan,nan,nan,nan,nan,nan
1791576729.5319562,nan,nan,nan,0,638596,5321.82706118,nan,nan,nan,nan,nan,nan,nan
1791576729.5412707,nan,nan,nan,0,638597,5321.83539451,nan,nan,nan,nan,nan,nan,nan
1791576729.5492237,nan,nan,nan,0,638598,5321.84372784,nan,nan,nan,nan,nan,nan,nan
1791576729.5568404,nan,nan,nan,0,638599,5321.85206117,nan,nan,nan,nan,nan,nan,nan
1791576729.5650852,nan,nan,nan,0,638600,5321.8603945,nan,nan,nan,nan,nan,nan,nan
1791576729.5739262,nan,nan,nan,0,638601,5321.86872783,nan,nan,nan,nan,nan,nan,nan
1791576729.5819664,nan,nan,nan,0,638602,5321.87706116,nan,nan,nan,nan,nan,nan,nan
1791576729.5904996,nan,nan,nan,0,638603,5321.88539449,nan,nan,nan,nan,nan,nan,nan
1791576729.5984645,nan,nan,nan,0,638604,5321.89372782,nan,nan,nan,nan,nan,nan,nan
1791576729.6068618,nan,nan,nan,0,638605,5321.90206115,nan,nan,nan,nan,nan,nan,nan
1791576729.6153305,nan,nan,nan,0,638606,5321.91039448,nan,nan,nan,nan,nan,nan,nan
1791576729.6236007,nan,nan,nan,0,638607,5321.91872781,nan,nan,nan,nan,nan,nan,nan
1791576729.6327724,nan,nan,nan,0,638608,5321.92706114,nan,nan,nan,nan,nan,nan,nan
1791576729.640162,nan,nan,nan,0,638609,5321.93539447,nan,nan,nan,nan,nan,nan,nan
1791576729.6486983,nan,nan,nan,0,638610,5321.9437278,nan,nan,nan,nan,nan,nan,nan
1791576729.6575303,nan,nan,nan,0,638611,5321.95206113,nan,nan,nan,nan,nan,nan,nan
1791576729.6655636,nan,nan,nan,0,638612,5321.96039446,nan,nan,nan,nan,nan,nan,nan
1791576729.673928,nan,nan,nan,0,638613,5321.96872779,nan,nan,nan,nan,nan,nan,nan
1791576729.683897,nan,nan,nan,0,638614,5321.97706112,nan,nan,nan,nan,nan,nan,nan
1791576729.6914682,nan,nan,nan,0,638615,5321.98539445,nan,nan,nan,nan,nan,nan,nan
1791576729.6997077,nan,nan,nan,0,638616,5321.99372778,nan,nan,nan,nan,nan,nan,nan
1791576729.708131,nan,nan,nan,0,638617,5322.00206111,nan,nan,nan,nan,nan,nan,nan
1791576729.7157018,nan,nan,nan,0,638618,5322.01039444,nan,nan,nan,nan,nan,nan,nan
1791576729.7242012,nan,nan,nan,0,638619,5322.01872777,nan,nan,nan,nan,nan,nan,nan
1791576729.7323606,nan,nan,nan,0,638620,5322.0270611,nan,nan,nan,nan,nan,nan,nan
1791576729.7417247,nan,nan,nan,0,638621,5322.03539443,nan,nan,nan,nan,nan,nan,nan
1791576729.748964,nan,nan,nan,0,638622,5322.04372776,nan,nan,nan,nan,nan,nan,nan
1791576729.756917,nan,nan,nan,0,638623,5322.05206109,nan,nan,nan,nan,nan,nan,nan
1791576729.7651203,nan,nan,nan,0,638624,5322.06039442,nan,nan,nan,nan,nan,nan,nan
1791576729.7735353,nan,nan,nan,0,638625,5322.06872775,nan,nan,nan,nan,nan,nan,nan
1791576729.781799,nan,nan,nan,0,638626,5322.07706108,nan,nan,nan,nan,nan,nan,nan
1791576729.7901735,nan,nan,nan,0,638627,5322.08539441,nan,nan,nan,nan,nan,nan,nan
1791576729.7993493,nan,nan,nan,0,638628,5322.09372774,nan,nan,nan,nan,nan,nan,nan
1791576729.806866,nan,nan,nan,0,638629,5322.10206107,nan,nan,nan,nan,nan,nan,nan
1791576729.8151019,nan,nan,nan,0,638630,5322.1103944,nan,nan,nan,nan,nan,nan,nan
1791576729.8235593,nan,nan,nan,0,638631,5322.11872773,nan,nan,nan,nan,nan,nan,nan
1791576729.8318465,nan,nan,nan,0,638632,5322.12706106,nan,nan,nan,nan,nan,nan,nan
1791576729.8401473,nan,nan,nan,0,638633,5322.13539439,nan,nan,nan,nan,nan,nan,nan
1791576729.849558,nan,nan,nan,0,638634,5322.14372772,nan,nan,nan,nan,nan,nan,nan
1791576729.857116,nan,nan,nan,0,638635,5322.15206105,nan,nan,nan,nan,nan,nan,nan
1791576729.865952,nan,nan,nan,0,638636,5322.16039438,nan,nan,nan,nan,nan,nan,nan
1791576729.8743262,nan,nan,nan,0,638637,5322.16872771,nan,nan,nan,nan,nan,nan,nan
1791576729.8824303,nan,nan,nan,0,638638,5322.17706104,nan,nan,nan,nan,nan,nan,nan
1791576729.8902574,nan,nan,nan,0,638639,5322.18539437,nan,nan,nan,nan,nan,nan,nan
1791576729.8986588,nan,nan,nan,0,638640,5322.1937277,nan,nan,nan,nan,nan,nan,nan
1791576729.9067333,nan,nan,nan,0,638641,5322.20206103,nan,nan,nan,nan,nan,nan,nan
1791576729.9152653,nan,nan,nan,0,638642,5322.21039436,nan,nan,nan,nan,nan,nan,nan
1791576729.9239495,nan,nan,nan,0,638643,5322.21872769,nan,nan,nan,nan,nan,nan,nan
1791576729.9317327,nan,nan,nan,0,638644,5322.22706102,nan,nan,nan,nan,nan,nan,nan
1791576729.9401343,nan,nan,nan,0,638645,5322.23539435,nan,nan,nan,nan,nan,nan,nan
1791576729.9484982,nan,nan,nan,0,638646,5322.24372768,nan,nan,nan,nan,nan,nan,nan
1791576729.9568229,nan,nan,nan,0,638647,5322.25206101,nan,nan,nan,nan,nan,nan,nan
1791576729.9651635,nan,nan,nan,0,638648,5322.26039434,nan,nan,nan,nan,nan,nan,nan
1791576729.973475,nan,nan,nan,0,638649,5322.26872767,nan,nan,nan,nan,nan,nan,nan
1791576729.9817328,nan,nan,nan,0,638650,5322.277061,nan,nan,nan,nan,nan,nan,nan
1791576729.990166,nan,nan,nan,0,638651,5322.28539433,nan,nan,nan,nan,nan,nan,nan
1791576729.9984934,nan,nan,nan,0,638652,5322.29372766,nan,nan,nan,nan,nan,nan,nan
1791576730.0068395,nan,nan,nan,0,638653,5322.30206099,nan,nan,nan,nan,nan,nan,nan
1791576730.0158637,nan,nan,nan,0,638654,5322.31039432,nan,nan,nan,nan,nan,nan,nan
1791576730.0234666,nan,nan,nan,0,638655,5322.31872765,nan,nan,nan,nan,nan,nan,nan
1791576730.031789,nan,nan,nan,0,638656,5322.32706098,nan,nan,nan,nan,nan,nan,nan
1791576730.0401778,nan,nan,nan,0,638657,5322.33539431,nan,nan,nan,nan,nan,nan,nan
1791576730.0488844,nan,nan,nan,0,638658,5322.34372764,nan,nan,nan,nan,nan,nan,nan
1791576730.0568235,nan,nan,nan,0,638659,5322.35206097,nan,nan,nan,nan,nan,nan,nan
1791576730.066846,nan,nan,nan,0,638660,5322.3603943,nan,nan,nan,nan,nan,nan,nan
1791576730.0738585,nan,nan,nan,0,638661,5322.36872763,nan,nan,nan,nan,nan,nan,nan
1791576730.0819986,nan,nan,nan,0,638662,5322.37706096,nan,nan,nan,nan,nan,nan,nan
1791576730.0928965,nan,nan,nan,0,638663,5322.38539429,nan,nan,nan,nan,nan,nan,nan
1791576730.0984838,nan,nan,nan,0,638664,5322.39372762,nan,nan,nan,nan,nan,nan,nan
1791576730.1068912,nan,nan,nan,0,638665,5322.40206095,nan,nan,nan,nan,nan,nan,nan
1791576730.1151392,nan,nan,nan,0,638666,5322.41039428,nan,nan,nan,nan,nan,nan,nan
1791576730.1235907,nan,nan,nan,0,638667,5322.41872761,nan,nan,nan,nan,nan,nan,nan
1791576730.131784,nan,nan,nan,0,638668,5322.42706094,nan,nan,nan,nan,nan,nan,nan
1791576730.1402178,nan,nan,nan,0,638669,5322.43539427,nan,nan,nan,nan,nan,nan,nan
1791576730.1484606,nan,nan,nan,0,638670,5322.4437276,nan,nan,nan,nan,nan,nan,nan
1791576730.156825,nan,nan,nan,0,638671,5322.45206093,nan,nan,nan,nan,nan,nan,nan
1791576730.1650918,nan,nan,nan,0,638672,5322.46039426,nan,nan,nan,nan,nan,nan,nan
1791576730.1734788,nan,nan,nan,0,638673,5322.46872759,nan,nan,nan,nan,nan,nan,nan
1791576730.1818798,nan,nan,nan,0,638674,5322.47706092,nan,nan,nan,nan,nan,nan,nan
1791576730.191035,nan,nan,nan,0,638675,5322.48539425,nan,nan,nan,nan,nan,nan,nan
1791576730.1984596,nan,nan,nan,0,638676,5322.49372758,nan,nan,nan,nan,nan,nan,nan
1791576730.2068312,nan,nan,nan,0,638677,5322.50206091,nan,nan,nan,nan,nan,nan,nan
1791576730.2152162,nan,nan,nan,0,638678,5322.51039424,nan,nan,nan,nan,nan,nan,nan
1791576730.2235785,nan,nan,nan,0,638679,5322.51872757,nan,nan,nan,nan,nan,nan,nan
1791576730.2318392,nan,nan,nan,0,638680,5322.5270609,nan,nan,nan,nan,nan,nan,nan
1791576730.240826,nan,nan,nan,0,638681,5322.53539423,nan,nan,nan,nan,nan,nan,nan
1791576730.2485213,nan,nan,nan,0,638682,5322.54372756,nan,nan,nan,nan,nan,nan,nan
1791576730.2567441,nan,nan,nan,0,638683,5322.55206089,nan,nan,nan,nan,nan,nan,nan
1791576730.265934,nan,nan,nan,0,638684,5322.56039422,nan,nan,nan,nan,nan,nan,nan
1791576730.2735667,nan,nan,nan,0,638685,5322.56872755,nan,nan,nan,nan,nan,nan,nan
1791576730.2823153,nan,nan,nan,0,638686,5322.57706088,nan,nan,nan,nan,nan,nan,nan
1791576730.2902296,nan,nan,nan,0,638687,5322.58539421,nan,nan,nan,nan,nan,nan,nan
1791576730.298764,nan,nan,nan,0,638688,5322.59372754,nan,nan,nan,nan,nan,nan,nan
1791576730.3071477,nan,nan,nan,0,638689,5322.60206087,nan,nan,nan,nan,nan,nan,nan
1791576730.315148,nan,nan,nan,0,638690,5322.6103942,nan,nan,nan,nan,nan,nan,nan
1791576730.3237784,nan,nan,nan,0,638691,5322.61872753,nan,nan,nan,nan,nan,nan,nan
1791576730.331762,nan,nan,nan,0,638692,5322.62706086,nan,nan,nan,nan,nan,nan,nan
1791576730.3402264,nan,nan,nan,0,638693,5322.63539419,nan,nan,nan,nan,nan,nan,nan
1791576730.349705,nan,nan,nan,0,638694,5322.64372752,nan,nan,nan,nan,nan,nan,nan
1791576730.3568077,nan,nan,nan,0,638695,5322.65206085,nan,nan,nan,nan,nan,nan,nan
1791576730.3661635,nan,nan,nan,0,638696,5322.66039418,nan,nan,nan,nan,nan,nan,nan
1791576730.37412,nan,nan,nan,0,638697,5322.66872751,nan,nan,nan,nan,nan,nan,nan
1791576730.3821163,nan,nan,nan,0,638698,5322.67706084,nan,nan,nan,nan,nan,nan,nan
1791576730.3902874,nan,nan,nan,0,638699,5322.68539417,nan,nan,nan,nan,nan,nan,nan
1791576730.3986413,nan,nan,nan,0,638700,5322.6937275,nan,nan,nan,nan,nan,nan,nan
1791576730.406926,nan,nan,nan,0,638701,5322.70206083,nan,nan,nan,nan,nan,nan,nan
1791576730.4151914,nan,nan,nan,0,638702,5322.71039416,nan,nan,nan,nan,nan,nan,nan
1791576730.4235132,nan,nan,nan,0,638703,5322.71872749,nan,nan,nan,nan,nan,nan,nan
1791576730.4317424,nan,nan,nan,0,638704,5322.72706082,nan,nan,nan,nan,nan,nan,nan
1791576730.4401052,nan,nan,nan,0,638705,5322.73539415,nan,nan,nan,nan,nan,nan,nan
1791576730.4484165,nan,nan,nan,0,638706,5322.74372748,nan,nan,nan,nan,nan,nan,nan
1791576730.4571295,nan,nan,nan,0,638707,5322.75206081,nan,nan,nan,nan,nan,nan,nan
1791576730.4651036,nan,nan,nan,0,638708,5322.76039414,nan,nan,nan,nan,nan,nan,nan
1791576730.4734488,nan,nan,nan,0,638709,5322.76872747,nan,nan,nan,nan,nan,nan,nan
1791576730.481855,nan,nan,nan,0,638710,5322.7770608,nan,nan,nan,nan,nan,nan,nan
1791576730.4900477,nan,nan,nan,0,638711,5322.78539413,nan,nan,nan,nan,nan,nan,nan
1791576730.4983685,nan,nan,nan,0,638712,5322.79372746,nan,nan,nan,nan,nan,nan,nan
1791576730.5068946,nan,nan,nan,0,638713,5322.80206079,nan,nan,nan,nan,nan,nan,nan
1791576730.5155985,nan,nan,nan,0,638714,5322.81039412,nan,nan,nan,nan,nan,nan,nan
1791576730.5240211,nan,nan,nan,0,638715,5322.81872745,nan,nan,nan,nan,nan,nan,nan
1791576730.533424,nan,nan,nan,0,638716,5322.82706078,nan,nan,nan,nan,nan,nan,nan
1791576730.5417426,nan,nan,nan,0,638717,5322.83539411,nan,nan,nan,nan,nan,nan,nan
1791576730.5489676,nan,nan,nan,0,638718,5322.84372744,nan,nan,nan,nan,nan,nan,nan
1791576730.5571554,nan,nan,nan,0,638719,5322.85206077,nan,nan,nan,nan,nan,nan,nan
1791576730.565746,nan,nan,nan,0,638720,5322.8603941,nan,nan,nan,nan,nan,nan,nan
1791576730.5743387,nan,nan,nan,0,638721,5322.86872743,nan,nan,nan,nan,nan,nan,nan
1791576730.5826852,nan,nan,nan,0,638722,5322.87706076,nan,nan,nan,nan,nan,nan,nan
1791576730.5907016,nan,nan,nan,0,638723,5322.88539409,nan,nan,nan,nan,nan,nan,nan
1791576730.598412,nan,nan,nan,0,638724,5322.89372742,nan,nan,nan,nan,nan,nan,nan
1791576730.6068673,nan,nan,nan,0,638725,5322.90206075,nan,nan,nan,nan,nan,nan,nan
1791576730.6153362,nan,nan,nan,0,638726,5322.91039408,nan,nan,nan,nan,nan,nan,nan
1791576730.6236176,nan,nan,nan,0,638727,5322.91872741,nan,nan,nan,nan,nan,nan,nan
1791576730.6322951,nan,nan,nan,0,638728,5322.92706074,nan,nan,nan,nan,nan,nan,nan
1791576730.6405993,nan,nan,nan,0,638729,5322.93539407,nan,nan,nan,nan,nan,nan,nan
1791576730.6490915,nan,nan,nan,0,638730,5322.9437274,nan,nan,nan,nan,nan,nan,nan
1791576730.656826,nan,nan,nan,0,638731,5322.95206073,nan,nan,nan,nan,nan,nan,nan
1791576730.6656346,nan,nan,nan,0,638732,5322.96039406,nan,nan,nan,nan,nan,nan,nan
1791576730.673538,nan,nan,nan,0,638733,5322.96872739,nan,nan,nan,nan,nan,nan,nan
1791576730.6819973,nan,nan,nan,0,638734,5322.97706072,nan,nan,nan,nan,nan,nan,nan
1791576730.6901555,nan,nan,nan,0,638735,5322.98539405,nan,nan,nan,nan,nan,nan,nan
1791576730.698542,nan,nan,nan,0,638736,5322.99372738,nan,nan,nan,nan,nan,nan,nan
1791576730.7068975,nan,nan,nan,0,638737,5323.00206071,nan,nan,nan,nan,nan,nan,nan
1791576730.7151604,nan,nan,nan,0,638738,5323.01039404,nan,nan,nan,nan,nan,nan,nan
1791576730.7238727,nan,nan,nan,0,638739,5323.01872737,nan,nan,nan,nan,nan,nan,nan
1791576730.7320502,nan,nan,nan,0,638740,5323.0270607,nan,nan,nan,nan,nan,nan,nan
1791576730.740205,nan,nan,nan,0,638741,5323.03539403,nan,nan,nan,nan,nan,nan,nan
1791576730.7495127,nan,nan,nan,0,638742,5323.04372736,nan,nan,nan,nan,nan,nan,nan
1791576730.7567914,nan,nan,nan,0,638743,5323.05206069,nan,nan,nan,nan,nan,nan,nan
1791576730.7651956,nan,nan,nan,0,638744,5323.06039402,nan,nan,nan,nan,nan,nan,nan
1791576730.7764664,nan,nan,nan,0,638745,5323.06872735,nan,nan,nan,nan,nan,nan,nan
1791576730.7823212,nan,nan,nan,0,638746,5323.07706068,nan,nan,nan,nan,nan,nan,nan
1791576730.790216,nan,nan,nan,0,638747,5323.08539401,nan,nan,nan,nan,nan,nan,nan
1791576730.798745,nan,nan,nan,0,638748,5323.09372734,nan,nan,nan,nan,nan,nan,nan
1791576730.8069263,nan,nan,nan,0,638749,5323.10206067,nan,nan,nan,nan,nan,nan,nan
1791576730.815237,nan,nan,nan,0,638750,5323.110394,nan,nan,nan,nan,nan,nan,nan
1791576730.8241134,nan,nan,nan,0,638751,5323.11872733,nan,nan,nan,nan,nan,nan,nan
1791576730.8318958,nan,nan,nan,0,638752,5323.12706066,nan,nan,nan,nan,nan,nan,nan
1791576730.840141,nan,nan,nan,0,638753,5323.13539399,nan,nan,nan,nan,nan,nan,nan
1791576730.8484206,nan,nan,nan,0,638754,5323.14372732,nan,nan,nan,nan,nan,nan,nan
1791576730.8567948,nan,nan,nan,0,638755,5323.15206065,nan,nan,nan,nan,nan,nan,nan
1791576730.8651016,nan,nan,nan,0,638756,5323.16039398,nan,nan,nan,nan,nan,nan,nan
1791576730.87347,nan,nan,nan,0,638757,5323.16872731,nan,nan,nan,nan,nan,nan,nan
1791576730.881904,nan,nan,nan,0,638758,5323.17706064,nan,nan,nan,nan,nan,nan,nan
1791576730.8915954,nan,nan,nan,0,638759,5323.18539397,nan,nan,nan,nan,nan,nan,nan
1791576730.8986442,nan,nan,nan,0,638760,5323.1937273,nan,nan,nan,nan,nan,nan,nan
1791576730.9069657,nan,nan,nan,0,638761,5323.20206063,nan,nan,nan,nan,nan,nan,nan
1791576730.9157658,nan,nan,nan,0,638762,5323.21039396,nan,nan,nan,nan,nan,nan,nan
1791576730.9241002,nan,nan,nan,0,638763,5323.21872729,nan,nan,nan,nan,nan,nan,nan
1791576730.932219,nan,nan,nan,0,638764,5323.22706062,nan,nan,nan,nan,nan,nan,nan
1791576730.9405568,nan,nan,nan,0,638765,5323.23539395,nan,nan,nan,nan,nan,nan,nan
1791576730.9491212,nan,nan,nan,0,638766,5323.24372728,nan,nan,nan,nan,nan,nan,nan
1791576730.9574513,nan,nan,nan,0,638767,5323.25206061,nan,nan,nan,nan,nan,nan,nan
1791576730.965617,nan,nan,nan,0,638768,5323.26039394,nan,nan,nan,nan,nan,nan,nan
1791576730.9738095,nan,nan,nan,0,638769,5323.26872727,nan,nan,nan,nan,nan,nan,nan
1791576730.9836292,nan,nan,nan,0,638770,5323.2770606,nan,nan,nan,nan,nan,nan,nan
1791576730.990686,nan,nan,nan,0,638771,5323.28539393,nan,nan,nan,nan,nan,nan,nan
1791576730.998366,nan,nan,nan,0,638772,5323.29372726,nan,nan,nan,nan,nan,nan,nan
1791576731.0070992,nan,nan,nan,0,638773,5323.30206059,nan,nan,nan,nan,nan,nan,nan
1791576731.0157678,nan,nan,nan,0,638774,5323.31039392,nan,nan,nan,nan,nan,nan,nan
1791576731.02393,nan,nan,nan,0,638775,5323.31872725,nan,nan,nan,nan,nan,nan,nan
1791576731.03218,nan,nan,nan,0,638776,5323.32706058,nan,nan,nan,nan,nan,nan,nan
1791576731.0406284,nan,nan,nan,0,638777,5323.33539391,nan,nan,nan,nan,nan,nan,nan
1791576731.0484202,nan,nan,nan,0,638778,5323.34372724,nan,nan,nan,nan,nan,nan,nan
1791576731.057648,nan,nan,nan,0,638779,5323.35206057,nan,nan,nan,nan,nan,nan,nan
1791576731.065644,nan,nan,nan,0,638780,5323.3603939,nan,nan,nan,nan,nan,nan,nan
1791576731.0751226,nan,nan,nan,0,638781,5323.36872723,nan,nan,nan,nan,nan,nan,nan
1791576731.082259,nan,nan,nan,0,638782,5323.37706056,nan,nan,nan,nan,nan,nan,nan
1791576731.0901394,nan,nan,nan,0,638783,5323.38539389,nan,nan,nan,nan,nan,nan,nan
1791576731.100286,nan,nan,nan,0,638784,5323.39372722,nan,nan,nan,nan,nan,nan,nan
1791576731.1068292,nan,nan,nan,0,638785,5323.40206055,nan,nan,nan,nan,nan,nan,nan
1791576731.116741,nan,nan,nan,0,638786,5323.41039388,nan,nan,nan,nan,nan,nan,nan
1791576731.12358,nan,nan,nan,0,638787,5323.41872721,nan,nan,nan,nan,nan,nan,nan
1791576731.1319823,nan,nan,nan,0,638788,5323.42706054,nan,nan,nan,nan,nan,nan,nan
1791576731.1404376,nan,nan,nan,0,638789,5323.43539387,nan,nan,nan,nan,nan,nan,nan
1791576731.14893,nan,nan,nan,0,638790,5323.4437272,nan,nan,nan,nan,nan,nan,nan
1791576731.157068,nan,nan,nan,0,638791,5323.45206053,nan,nan,nan,nan,nan,nan,nan
1791576731.16532,nan,nan,nan,0,638792,5323.46039386,nan,nan,nan,nan,nan,nan,nan
1791576731.1734772,nan,nan,nan,0,638793,5323.46872719,nan,nan,nan,nan,nan,nan,nan
1791576731.1823318,nan,nan,nan,0,638794,5323.47706052,nan,nan,nan,nan,nan,nan,nan
1791576731.1902614,nan,nan,nan,0,638795,5323.48539385,nan,nan,nan,nan,nan,nan,nan
1791576731.1984434,nan,nan,nan,0,638796,5323.49372718,nan,nan,nan,nan,nan,nan,nan
1791576731.2066646,nan,nan,nan,0,638797,5323.50206051,nan,nan,nan,nan,nan,nan,nan
1791576731.2151096,nan,nan,nan,0,638798,5323.51039384,nan,nan,nan,nan,nan,nan,nan
1791576731.2234294,nan,nan,nan,0,638799,5323.51872717,nan,nan,nan,nan,nan,nan,nan
1791576731.2319386,nan,nan,nan,0,638800,5323.5270605,nan,nan,nan,nan,nan,nan,nan
1791576731.2400808,nan,nan,nan,0,638801,5323.53539383,nan,nan,nan,nan,nan,nan,nan
1791576731.2491915,nan,nan,nan,0,638802,5323.54372716,nan,nan,nan,nan,nan,nan,nan
1791576731.2568786,nan,nan,nan,0,638803,5323.55206049,nan,nan,nan,nan,nan,nan,nan
1791576731.2655466,nan,nan,nan,0,638804,5323.56039382,nan,nan,nan,nan,nan,nan,nan
1791576731.27355,nan,nan,nan,0,638805,5323.56872715,nan,nan,nan,nan,nan,nan,nan
1791576731.282002,nan,nan,nan,0,638806,5323.57706048,nan,nan,nan,nan,nan,nan,nan
1791576731.2913623,nan,nan,nan,0,638807,5323.58539381,nan,nan,nan,nan,nan,nan,nan
1791576731.2985616,nan,nan,nan,0,638808,5323.59372714,nan,nan,nan,nan,nan,nan,nan
1791576731.3070853,nan,nan,nan,0,638809,5323.60206047,nan,nan,nan,nan,nan,nan,nan
1791576731.3152668,nan,nan,nan,0,638810,5323.6103938,nan,nan,nan,nan,nan,nan,nan
1791576731.323657,nan,nan,nan,0,638811,5323.61872713,nan,nan,nan,nan,nan,nan,nan
1791576731.331878,nan,nan,nan,0,638812,5323.62706046,nan,nan,nan,nan,nan,nan,nan
1791576731.3406298,nan,nan,nan,0,638813,5323.63539379,nan,nan,nan,nan,nan,nan,nan
1791576731.3494213,nan,nan,nan,0,638814,5323.64372712,nan,nan,nan,nan,nan,nan,nan
1791576731.3574831,nan,nan,nan,0,638815,5323.65206045,nan,nan,nan,nan,nan,nan,nan
1791576731.3651931,nan,nan,nan,0,638816,5323.66039378,nan,nan,nan,nan,nan,nan,nan
1791576731.3735967,nan,nan,nan,0,638817,5323.66872711,nan,nan,nan,nan,nan,nan,nan
1791576731.381967,nan,nan,nan,0,638818,5323.67706044,nan,nan,nan,nan,nan,nan,nan
1791576731.390207,nan,nan,nan,0,638819,5323.68539377,nan,nan,nan,nan,nan,nan,nan
1791576731.3986847,nan,nan,nan,0,638820,5323.6937271,nan,nan,nan,nan,nan,nan,nan
1791576731.4069204,nan,nan,nan,0,638821,5323.70206043,nan,nan,nan,nan,nan,nan,nan
1791576731.4152348,nan,nan,nan,0,638822,5323.71039376,nan,nan,nan,nan,nan,nan,nan
1791576731.4237578,nan,nan,nan,0,638823,5323.71872709,nan,nan,nan,nan,nan,nan,nan
1791576731.4319959,nan,nan,nan,0,638824,5323.72706042,nan,nan,nan,nan,nan,nan,nan
1791576731.440176,nan,nan,nan,0,638825,5323.73539375,nan,nan,nan,nan,nan,nan,nan
1791576731.44858,nan,nan,nan,0,638826,5323.74372708,nan,nan,nan,nan,nan,nan,nan
1791576731.4567587,nan,nan,nan,0,638827,5323.75206041,nan,nan,nan,nan,nan,nan,nan
1791576731.4651456,nan,nan,nan,0,638828,5323.76039374,nan,nan,nan,nan,nan,nan,nan
1791576731.4734948,nan,nan,nan,0,638829,5323.76872707,nan,nan,nan,nan,nan,nan,nan
1791576731.481906,nan,nan,nan,0,638830,5323.7770604,nan,nan,nan,nan,nan,nan,nan
1791576731.4900677,nan,nan,nan,0,638831,5323.78539373,nan,nan,nan,nan,nan,nan,nan
1791576731.4992516,nan,nan,nan,0,638832,5323.79372706,nan,nan,nan,nan,nan,nan,nan
1791576731.5069044,nan,nan,nan,0,638833,5323.80206039,nan,nan,nan,nan,nan,nan,nan
1791576731.5161011,nan,nan,nan,0,638834,5323.81039372,nan,nan,nan,nan,nan,nan,nan
1791576731.524035,nan,nan,nan,0,638835,5323.81872705,nan,nan,nan,nan,nan,nan,nan
1791576731.5318298,nan,nan,nan,0,638836,5323.82706038,nan,nan,nan,nan,nan,nan,nan
1791576731.5404932,nan,nan,nan,0,638837,5323.83539371,nan,nan,nan,nan,nan,nan,nan
1791576731.5486553,nan,nan,nan,0,638838,5323.84372704,nan,nan,nan,nan,nan,nan,nan
1791576731.5569065,nan,nan,nan,0,638839,5323.85206037,nan,nan,nan,nan,nan,nan,nan
1791576731.5651193,nan,nan,nan,0,638840,5323.8603937,nan,nan,nan,nan,nan,nan,nan
1791576731.574425,nan,nan,nan,0,638841,5323.86872703,nan,nan,nan,nan,nan,nan,nan
1791576731.5819576,nan,nan,nan,0,638842,5323.87706036,nan,nan,nan,nan,nan,nan,nan
1791576731.5909426,nan,nan,nan,0,638843,5323.88539369,nan,nan,nan,nan,nan,nan,nan
1791576731.5985432,nan,nan,nan,0,638844,5323.89372702,nan,nan,nan,nan,nan,nan,nan
1791576731.6067905,nan,nan,nan,0,638845,5323.90206035,nan,nan,nan,nan,nan,nan,nan
1791576731.6160994,nan,nan,nan,0,638846,5323.91039368,nan,nan,nan,nan,nan,nan,nan
1791576731.6234434,nan,nan,nan,0,638847,5323.91872701,nan,nan,nan,nan,nan,nan,nan
1791576731.6318517,nan,nan,nan,0,638848,5323.92706034,nan,nan,nan,nan,nan,nan,nan
1791576731.640231,nan,nan,nan,0,638849,5323.93539367,nan,nan,nan,nan,nan,nan,nan
1791576731.6508303,nan,nan,nan,0,638850,5323.943727,nan,nan,nan,nan,nan,nan,nan
1791576731.6567578,nan,nan,nan,0,638851,5323.95206033,nan,nan,nan,nan,nan,nan,nan
1791576731.6651597,nan,nan,nan,0,638852,5323.96039366,nan,nan,nan,nan,nan,nan,nan
1791576731.6736047,nan,nan,nan,0,638853,5323.96872699,nan,nan,nan,nan,nan,nan,nan
1791576731.6819737,nan,nan,nan,0,638854,5323.97706032,nan,nan,nan,nan,nan,nan,nan
1791576731.6903458,nan,nan,nan,0,638855,5323.98539365,nan,nan,nan,nan,nan,nan,nan
1791576731.698683,nan,nan,nan,0,638856,5323.99372698,nan,nan,nan,nan,nan,nan,nan
1791576731.706987,nan,nan,nan,0,638857,5324.00206031,nan,nan,nan,nan,nan,nan,nan
1791576731.715373,nan,nan,nan,0,638858,5324.01039364,nan,nan,nan,nan,nan,nan,nan
1791576731.7236223,nan,nan,nan,0,638859,5324.01872697,nan,nan,nan,nan,nan,nan,nan
1791576731.7326648,nan,nan,nan,0,638860,5324.0270603,nan,nan,nan,nan,nan,nan,nan
1791576731.7403834,nan,nan,nan,0,638861,5324.03539363,nan,nan,nan,nan,nan,nan,nan
1791576731.7485583,nan,nan,nan,0,638862,5324.04372696,nan,nan,nan,nan,nan,nan,nan
1791576731.75742,nan,nan,nan,0,638863,5324.05206029,nan,nan,nan,nan,nan,nan,nan
1791576731.7655258,nan,nan,nan,0,638864,5324.06039362,nan,nan,nan,nan,nan,nan,nan
1791576731.774073,nan,nan,nan,0,638865,5324.06872695,nan,nan,nan,nan,nan,nan,nan
1791576731.7826724,nan,nan,nan,0,638866,5324.07706028,nan,nan,nan,nan,nan,nan,nan
1791576731.791118,nan,nan,nan,0,638867,5324.08539361,nan,nan,nan,nan,nan,nan,nan
1791576731.7988079,nan,nan,nan,0,638868,5324.09372694,nan,nan,nan,nan,nan,nan,nan
1791576731.807752,nan,nan,nan,0,638869,5324.10206027,nan,nan,nan,nan,nan,nan,nan
1791576731.8155873,nan,nan,nan,0,638870,5324.1103936,nan,nan,nan,nan,nan,nan,nan
1791576731.8239636,nan,nan,nan,0,638871,5324.11872693,nan,nan,nan,nan,nan,nan,nan
1791576731.8323956,nan,nan,nan,0,638872,5324.12706026,nan,nan,nan,nan,nan,nan,nan
1791576731.8403487,nan,nan,nan,0,638873,5324.13539359,nan,nan,nan,nan,nan,nan,nan
1791576731.8491144,nan,nan,nan,0,638874,5324.14372692,nan,nan,nan,nan,nan,nan,nan
1791576731.8567934,nan,nan,nan,0,638875,5324.15206025,nan,nan,nan,nan,nan,nan,nan
1791576731.8653524,nan,nan,nan,0,638876,5324.16039358,nan,nan,nan,nan,nan,nan,nan
1791576731.8736422,nan,nan,nan,0,638877,5324.16872691,nan,nan,nan,nan,nan,nan,nan
1791576731.8819463,nan,nan,nan,0,638878,5324.17706024,nan,nan,nan,nan,nan,nan,nan
1791576731.8910139,nan,nan,nan,0,638879,5324.18539357,nan,nan,nan,nan,nan,nan,nan
1791576731.8986568,nan,nan,nan,0,638880,5324.1937269,nan,nan,nan,nan,nan,nan,nan
1791576731.9069214,nan,nan,nan,0,638881,5324.20206023,nan,nan,nan,nan,nan,nan,nan
1791576731.9158125,nan,nan,nan,0,638882,5324.21039356,nan,nan,nan,nan,nan,nan,nan
1791576731.9235828,nan,nan,nan,0,638883,5324.21872689,nan,nan,nan,nan,nan,nan,nan
1791576731.9318273,nan,nan,nan,0,638884,5324.22706022,nan,nan,nan,nan,nan,nan,nan
1791576731.940389,nan,nan,nan,0,638885,5324.23539355,nan,nan,nan,nan,nan,nan,nan
1791576731.9486334,nan,nan,nan,0,638886,5324.24372688,nan,nan,nan,nan,nan,nan,nan
1791576731.9569216,nan,nan,nan,0,638887,5324.25206021,nan,nan,nan,nan,nan,nan,nan
1791576731.9651537,nan,nan,nan,0,638888,5324.26039354,nan,nan,nan,nan,nan,nan,nan
1791576731.9735844,nan,nan,nan,0,638889,5324.26872687,nan,nan,nan,nan,nan,nan,nan
1791576731.9817376,nan,nan,nan,0,638890,5324.2770602,nan,nan,nan,nan,nan,nan,nan
1791576731.9902508,nan,nan,nan,0,638891,5324.28539353,nan,nan,nan,nan,nan,nan,nan
1791576731.9988837,nan,nan,nan,0,638892,5324.29372686,nan,nan,nan,nan,nan,nan,nan
1791576732.0074832,nan,nan,nan,0,638893,5324.30206019,nan,nan,nan,nan,nan,nan,nan
1791576732.015132,nan,nan,nan,0,638894,5324.31039352,nan,nan,nan,nan,nan,nan,nan
1791576732.0234797,nan,nan,nan,0,638895,5324.31872685,nan,nan,nan,nan,nan,nan,nan
1791576732.0317724,nan,nan,nan,0,638896,5324.32706018,nan,nan,nan,nan,nan,nan,nan
1791576732.0407228,nan,nan,nan,0,638897,5324.33539351,nan,nan,nan,nan,nan,nan,nan
1791576732.048953,nan,nan,nan,0,638898,5324.34372684,nan,nan,nan,nan,nan,nan,nan
1791576732.056923,nan,nan,nan,0,638899,5324.35206017,nan,nan,nan,nan,nan,nan,nan
1791576732.0650861,nan,nan,nan,0,638900,5324.3603935,nan,nan,nan,nan,nan,nan,nan
1791576732.0773513,nan,nan,nan,0,638901,5324.36872683,nan,nan,nan,nan,nan,nan,nan
1791576732.0818725,nan,nan,nan,0,638902,5324.37706016,nan,nan,nan,nan,nan,nan,nan
1791576732.0901453,nan,nan,nan,0,638903,5324.38539349,nan,nan,nan,nan,nan,nan,nan
1791576732.09864,nan,nan,nan,0,638904,5324.39372682,nan,nan,nan,nan,nan,nan,nan
1791576732.106987,nan,nan,nan,0,638905,5324.40206015,nan,nan,nan,nan,nan,nan,nan
1791576732.1152453,nan,nan,nan,0,638906,5324.41039348,nan,nan,nan,nan,nan,nan,nan
1791576732.1240056,nan,nan,nan,0,638907,5324.41872681,nan,nan,nan,nan,nan,nan,nan
1791576732.1326292,nan,nan,nan,0,638908,5324.42706014,nan,nan,nan,nan,nan,nan,nan
1791576732.1414566,nan,nan,nan,0,638909,5324.43539347,nan,nan,nan,nan,nan,nan,nan
1791576732.149129,nan,nan,nan,0,638910,5324.4437268,nan,nan,nan,nan,nan,nan,nan
1791576732.1574705,nan,nan,nan,0,638911,5324.45206013,nan,nan,nan,nan,nan,nan,nan
1791576732.1657274,nan,nan,nan,0,638912,5324.46039346,nan,nan,nan,nan,nan,nan,nan
1791576732.1740954,nan,nan,nan,0,638913,5324.46872679,nan,nan,nan,nan,nan,nan,nan
1791576732.1822865,nan,nan,nan,0,638914,5324.47706012,nan,nan,nan,nan,nan,nan,nan
1791576732.1907825,nan,nan,nan,0,638915,5324.48539345,nan,nan,nan,nan,nan,nan,nan
1791576732.1992161,nan,nan,nan,0,638916,5324.49372678,nan,nan,nan,nan,nan,nan,nan
1791576732.207344,nan,nan,nan,0,638917,5324.50206011,nan,nan,nan,nan,nan,nan,nan
1791576732.21602,nan,nan,nan,0,638918,5324.51039344,nan,nan,nan,nan,nan,nan,nan
1791576732.223963,nan,nan,nan,0,638919,5324.51872677,nan,nan,nan,nan,nan,nan,nan
1791576732.23193,nan,nan,nan,0,638920,5324.5270601,nan,nan,nan,nan,nan,nan,nan
1791576732.2405596,nan,nan,nan,0,638921,5324.53539343,nan,nan,nan,nan,nan,nan,nan
1791576732.2496066,nan,nan,nan,0,638922,5324.54372676,nan,nan,nan,nan,nan,nan,nan
1791576732.25687,nan,nan,nan,0,638923,5324.55206009,nan,nan,nan,nan,nan,nan,nan
1791576732.266221,nan,nan,nan,0,638924,5324.56039342,nan,nan,nan,nan,nan,nan,nan
1791576732.2736537,nan,nan,nan,0,638925,5324.56872675,nan,nan,nan,nan,nan,nan,nan
1791576732.2825646,nan,nan,nan,0,638926,5324.57706008,nan,nan,nan,nan,nan,nan,nan
1791576732.2903671,nan,nan,nan,0,638927,5324.58539341,nan,nan,nan,nan,nan,nan,nan
1791576732.2989285,nan,nan,nan,0,638928,5324.59372674,nan,nan,nan,nan,nan,nan,nan
1791576732.3068974,nan,nan,nan,0,638929,5324.60206007,nan,nan,nan,nan,nan,nan,nan
1791576732.3153682,nan,nan,nan,0,638930,5324.6103934,nan,nan,nan,nan,nan,nan,nan
1791576732.3238096,nan,nan,nan,0,638931,5324.61872673,nan,nan,nan,nan,nan,nan,nan
1791576732.3324943,nan,nan,nan,0,638932,5324.62706006,nan,nan,nan,nan,nan,nan,nan
1791576732.3407874,nan,nan,nan,0,638933,5324.63539339,nan,nan,nan,nan,nan,nan,nan
1791576732.3487926,nan,nan,nan,0,638934,5324.64372672,nan,nan,nan,nan,nan,nan,nan
1791576732.356996,nan,nan,nan,0,638935,5324.65206005,nan,nan,nan,nan,nan,nan,nan
1791576732.366431,nan,nan,nan,0,638936,5324.66039338,nan,nan,nan,nan,nan,nan,nan
1791576732.3738675,nan,nan,nan,0,638937,5324.66872671,nan,nan,nan,nan,nan,nan,nan
1791576732.3822546,nan,nan,nan,0,638938,5324.67706004,nan,nan,nan,nan,nan,nan,nan
1791576732.3902557,nan,nan,nan,0,638939,5324.68539337,nan,nan,nan,nan,nan,nan,nan
1791576732.3985984,nan,nan,nan,0,638940,5324.6937267,nan,nan,nan,nan,nan,nan,nan
1791576732.406778,nan,nan,nan,0,638941,5324.70206003,nan,nan,nan,nan,nan,nan,nan
1791576732.4152668,nan,nan,nan,0,638942,5324.71039336,nan,nan,nan,nan,nan,nan,nan
1791576732.425232,nan,nan,nan,0,638943,5324.71872669,nan,nan,nan,nan,nan,nan,nan
1791576732.4327493,nan,nan,nan,0,638944,5324.72706002,nan,nan,nan,nan,nan,nan,nan
1791576732.4401186,nan,nan,nan,0,638945,5324.73539335,nan,nan,nan,nan,nan,nan,nan
1791576732.4488893,nan,nan,nan,0,638946,5324.74372668,nan,nan,nan,nan,nan,nan,nan
1791576732.4568114,nan,nan,nan,0,638947,5324.75206001,nan,nan,nan,nan,nan,nan,nan
1791576732.465122,nan,nan,nan,0,638948,5324.76039334,nan,nan,nan,nan,nan,nan,nan
1791576732.473779,nan,nan,nan,0,638949,5324.76872667,nan,nan,nan,nan,nan,nan,nan
1791576732.4818172,nan,nan,nan,0,638950,5324.77706,nan,nan,nan,nan,nan,nan,nan
1791576732.4901884,nan,nan,nan,0,638951,5324.78539333,nan,nan,nan,nan,nan,nan,nan
1791576732.4984705,nan,nan,nan,0,638952,5324.79372666,nan,nan,nan,nan,nan,nan,nan
1791576732.5069988,nan,nan,nan,0,638953,5324.80205999,nan,nan,nan,nan,nan,nan,nan
1791576732.5156298,nan,nan,nan,0,638954,5324.81039332,nan,nan,nan,nan,nan,nan,nan
1791576732.5235972,nan,nan,nan,0,638955,5324.81872665,nan,nan,nan,nan,nan,nan,nan
1791576732.531851,nan,nan,nan,0,638956,5324.82705998,nan,nan,nan,nan,nan,nan,nan
1791576732.5406568,nan,nan,nan,0,638957,5324.83539331,nan,nan,nan,nan,nan,nan,nan
1791576732.5521321,nan,nan,nan,0,638958,5324.84372664,nan,nan,nan,nan,nan,nan,nan
1791576732.556846,nan,nan,nan,0,638959,5324.85205997,nan,nan,nan,nan,nan,nan,nan
1791576732.565123,nan,nan,nan,0,638960,5324.8603933,nan,nan,nan,nan,nan,nan,nan
1791576732.5735464,nan,nan,nan,0,638961,5324.86872663,nan,nan,nan,nan,nan,nan,nan
1791576732.5818536,nan,nan,nan,0,638962,5324.87705996,nan,nan,nan,nan,nan,nan,nan
1791576732.5903177,nan,nan,nan,0,638963,5324.88539329,nan,nan,nan,nan,nan,nan,nan
1791576732.6016827,nan,nan,nan,0,638964,5324.89372662,nan,nan,nan,nan,nan,nan,nan
1791576732.6067486,nan,nan,nan,0,638965,5324.90205995,nan,nan,nan,nan,nan,nan,nan
1791576732.6150675,nan,nan,nan,0,638966,5324.91039328,nan,nan,nan,nan,nan,nan,nan
1791576732.6236088,nan,nan,nan,0,638967,5324.91872661,nan,nan,nan,nan,nan,nan,nan
1791576732.631892,nan,nan,nan,0,638968,5324.92705994,nan,nan,nan,nan,nan,nan,nan
1791576732.6402402,nan,nan,nan,0,638969,5324.93539327,nan,nan,nan,nan,nan,nan,nan
1791576732.6487834,nan,nan,nan,0,638970,5324.9437266,nan,nan,nan,nan,nan,nan,nan
1791576732.656703,nan,nan,nan,0,638971,5324.95205993,nan,nan,nan,nan,nan,nan,nan
1791576732.665244,nan,nan,nan,0,638972,5324.96039326,nan,nan,nan,nan,nan,nan,nan
1791576732.6735294,nan,nan,nan,0,638973,5324.96872659,nan,nan,nan,nan,nan,nan,nan
1791576732.682165,nan,nan,nan,0,638974,5324.97705992,nan,nan,nan,nan,nan,nan,nan
1791576732.6902156,nan,nan,nan,0,638975,5324.98539325,nan,nan,nan,nan,nan,nan,nan
1791576732.6988957,nan,nan,nan,0,638976,5324.99372658,nan,nan,nan,nan,nan,nan,nan
1791576732.7071414,nan,nan,nan,0,638977,5325.00205991,nan,nan,nan,nan,nan,nan,nan
1791576732.715288,nan,nan,nan,0,638978,5325.01039324,nan,nan,nan,nan,nan,nan,nan
1791576732.7247953,nan,nan,nan,0,638979,5325.01872657,nan,nan,nan,nan,nan,nan,nan
1791576732.7318678,nan,nan,nan,0,638980,5325.0270599,nan,nan,nan,nan,nan,nan,nan
1791576732.7402976,nan,nan,nan,0,638981,5325.03539323,nan,nan,nan,nan,nan,nan,nan
1791576732.7493494,nan,nan,nan,0,638982,5325.04372656,nan,nan,nan,nan,nan,nan,nan
1791576732.7570288,nan,nan,nan,0,638983,5325.05205989,nan,nan,nan,nan,nan,nan,nan
1791576732.765271,nan,nan,nan,0,638984,5325.06039322,nan,nan,nan,nan,nan,nan,nan
1791576732.7735875,nan,nan,nan,0,638985,5325.06872655,nan,nan,nan,nan,nan,nan,nan
1791576732.7822146,nan,nan,nan,0,638986,5325.07705988,nan,nan,nan,nan,nan,nan,nan
1791576732.7904649,nan,nan,nan,0,638987,5325.08539321,nan,nan,nan,nan,nan,nan,nan
1791576732.7989185,nan,nan,nan,0,638988,5325.09372654,nan,nan,nan,nan,nan,nan,nan
1791576732.8067522,nan,nan,nan,0,638989,5325.10205987,nan,nan,nan,nan,nan,nan,nan
1791576732.8153162,nan,nan,nan,0,638990,5325.1103932,nan,nan,nan,nan,nan,nan,nan
1791576732.8237123,nan,nan,nan,0,638991,5325.11872653,nan,nan,nan,nan,nan,nan,nan
1791576732.8319893,nan,nan,nan,0,638992,5325.12705986,nan,nan,nan,nan,nan,nan,nan
1791576732.840165,nan,nan,nan,0,638993,5325.13539319,nan,nan,nan,nan,nan,nan,nan
1791576732.8487756,nan,nan,nan,0,638994,5325.14372652,nan,nan,nan,nan,nan,nan,nan
1791576732.858105,nan,nan,nan,0,638995,5325.15205985,nan,nan,nan,nan,nan,nan,nan
1791576732.8651166,nan,nan,nan,0,638996,5325.16039318,nan,nan,nan,nan,nan,nan,nan
1791576732.8741682,nan,nan,nan,0,638997,5325.16872651,nan,nan,nan,nan,nan,nan,nan
1791576732.8817766,nan,nan,nan,0,638998,5325.17705984,nan,nan,nan,nan,nan,nan,nan
1791576732.8906605,nan,nan,nan,0,638999,5325.18539317,nan,nan,nan,nan,nan,nan,nan
1791576732.8990865,nan,nan,nan,0,639000,5325.1937265,nan,nan,nan,nan,nan,nan,nan
1791576732.9067547,nan,nan,nan,0,639001,5325.20205983,nan,nan,nan,nan,nan,nan,nan
1791576732.9151103,nan,nan,nan,0,639002,5325.21039316,nan,nan,nan,nan,nan,nan,nan
1791576732.9242673,nan,nan,nan,0,639003,5325.21872649,nan,nan,nan,nan,nan,nan,nan
1791576732.9327426,nan,nan,nan,0,639004,5325.22705982,nan,nan,nan,nan,nan,nan,nan
1791576732.9401114,nan,nan,nan,0,639005,5325.23539315,nan,nan,nan,nan,nan,nan,nan
1791576732.9485514,nan,nan,nan,0,639006,5325.24372648,nan,nan,nan,nan,nan,nan,nan
1791576732.9568894,nan,nan,nan,0,639007,5325.25205981,nan,nan,nan,nan,nan,nan,nan
1791576732.9650629,nan,nan,nan,0,639008,5325.26039314,nan,nan,nan,nan,nan,nan,nan
1791576732.9741147,nan,nan,nan,0,639009,5325.26872647,nan,nan,nan,nan,nan,nan,nan
1791576732.9821239,nan,nan,nan,0,639010,5325.2770598,nan,nan,nan,nan,nan,nan,nan
1791576732.9912271,nan,nan,nan,0,639011,5325.28539313,nan,nan,nan,nan,nan,nan,nan
1791576732.9991612,nan,nan,nan,0,639012,5325.29372646,nan,nan,nan,nan,nan,nan,nan
1791576733.0075352,nan,nan,nan,0,639013,5325.30205979,nan,nan,nan,nan,nan,nan,nan
1791576733.0161605,nan,nan,nan,0,639014,5325.31039312,nan,nan,nan,nan,nan,nan,nan
1791576733.0239742,nan,nan,nan,0,639015,5325.31872645,nan,nan,nan,nan,nan,nan,nan
1791576733.032178,nan,nan,nan,0,639016,5325.32705978,nan,nan,nan,nan,nan,nan,nan
1791576733.0404444,nan,nan,nan,0,639017,5325.33539311,nan,nan,nan,nan,nan,nan,nan
1791576733.0490613,nan,nan,nan,0,639018,5325.34372644,nan,nan,nan,nan,nan,nan,nan
1791576733.0587316,nan,nan,nan,0,639019,5325.35205977,nan,nan,nan,nan,nan,nan,nan
1791576733.0658073,nan,nan,nan,0,639020,5325.3603931,nan,nan,nan,nan,nan,nan,nan
1791576733.0735993,nan,nan,nan,0,639021,5325.36872643,nan,nan,nan,nan,nan,nan,nan
1791576733.0816715,nan,nan,nan,0,639022,5325.37705976,nan,nan,nan,nan,nan,nan,nan
1791576733.090132,nan,nan,nan,0,639023,5325.38539309,nan,nan,nan,nan,nan,nan,nan
1791576733.0997736,nan,nan,nan,0,639024,5325.39372642,nan,nan,nan,nan,nan,nan,nan
1791576733.1069047,nan,nan,nan,0,639025,5325.40205975,nan,nan,nan,nan,nan,nan,nan
1791576733.115166,nan,nan,nan,0,639026,5325.41039308,nan,nan,nan,nan,nan,nan,nan
1791576733.123691,nan,nan,nan,0,639027,5325.41872641,nan,nan,nan,nan,nan,nan,nan
1791576733.1322432,nan,nan,nan,0,639028,5325.42705974,nan,nan,nan,nan,nan,nan,nan
1791576733.140641,nan,nan,nan,0,639029,5325.43539307,nan,nan,nan,nan,nan,nan,nan
1791576733.1488743,nan,nan,nan,0,639030,5325.4437264,nan,nan,nan,nan,nan,nan,nan
1791576733.1574335,nan,nan,nan,0,639031,5325.45205973,nan,nan,nan,nan,nan,nan,nan
1791576733.1652687,nan,nan,nan,0,639032,5325.46039306,nan,nan,nan,nan,nan,nan,nan
1791576733.1736436,nan,nan,nan,0,639033,5325.46872639,nan,nan,nan,nan,nan,nan,nan
1791576733.1817386,nan,nan,nan,0,639034,5325.47705972,nan,nan,nan,nan,nan,nan,nan
1791576733.1902857,nan,nan,nan,0,639035,5325.48539305,nan,nan,nan,nan,nan,nan,nan
1791576733.19882,nan,nan,nan,0,639036,5325.49372638,nan,nan,nan,nan,nan,nan,nan
1791576733.2067366,nan,nan,nan,0,639037,5325.50205971,nan,nan,nan,nan,nan,nan,nan
1791576733.2150817,nan,nan,nan,0,639038,5325.51039304,nan,nan,nan,nan,nan,nan,nan
1791576733.2235663,nan,nan,nan,0,639039,5325.51872637,nan,nan,nan,nan,nan,nan,nan
1791576733.231911,nan,nan,nan,0,639040,5325.5270597,nan,nan,nan,nan,nan,nan,nan
1791576733.2404675,nan,nan,nan,0,639041,5325.53539303,nan,nan,nan,nan,nan,nan,nan
1791576733.2491162,nan,nan,nan,0,639042,5325.54372636,nan,nan,nan,nan,nan,nan,nan
1791576733.258263,nan,nan,nan,0,639043,5325.55205969,nan,nan,nan,nan,nan,nan,nan
1791576733.2651591,nan,nan,nan,0,639044,5325.56039302,nan,nan,nan,nan,nan,nan,nan
1791576733.2734427,nan,nan,nan,0,639045,5325.56872635,nan,nan,nan,nan,nan,nan,nan
1791576733.2816381,nan,nan,nan,0,639046,5325.57705968,nan,nan,nan,nan,nan,nan,nan
1791576733.2902932,nan,nan,nan,0,639047,5325.58539301,nan,nan,nan,nan,nan,nan,nan
1791576733.298551,nan,nan,nan,0,639048,5325.59372634,nan,nan,nan,nan,nan,nan,nan
1791576733.3067474,nan,nan,nan,0,639049,5325.60205967,nan,nan,nan,nan,nan,nan,nan
1791576733.3151014,nan,nan,nan,0,639050,5325.610393,nan,nan,nan,nan,nan,nan,nan
1791576733.3237538,nan,nan,nan,0,639051,5325.61872633,nan,nan,nan,nan,nan,nan,nan
1791576733.3317742,nan,nan,nan,0,639052,5325.62705966,nan,nan,nan,nan,nan,nan,nan
1791576733.3402498,nan,nan,nan,0,639053,5325.63539299,nan,nan,nan,nan,nan,nan,nan
1791576733.3495193,nan,nan,nan,0,639054,5325.64372632,nan,nan,nan,nan,nan,nan,nan
1791576733.3567295,nan,nan,nan,0,639055,5325.65205965,nan,nan,nan,nan,nan,nan,nan
1791576733.3652976,nan,nan,nan,0,639056,5325.66039298,nan,nan,nan,nan,nan,nan,nan
1791576733.3734996,nan,nan,nan,0,639057,5325.66872631,nan,nan,nan,nan,nan,nan,nan
1791576733.381756,nan,nan,nan,0,639058,5325.67705964,nan,nan,nan,nan,nan,nan,nan
1791576733.3907697,nan,nan,nan,0,639059,5325.68539297,nan,nan,nan,nan,nan,nan,nan
1791576733.398749,nan,nan,nan,0,639060,5325.6937263,nan,nan,nan,nan,nan,nan,nan
1791576733.40689,nan,nan,nan,0,639061,5325.70205963,nan,nan,nan,nan,nan,nan,nan
1791576733.4154947,nan,nan,nan,0,639062,5325.71039296,nan,nan,nan,nan,nan,nan,nan
1791576733.4237428,nan,nan,nan,0,639063,5325.71872629,nan,nan,nan,nan,nan,nan,nan
1791576733.4320984,nan,nan,nan,0,639064,5325.72705962,nan,nan,nan,nan,nan,nan,nan
1791576733.4412873,nan,nan,nan,0,639065,5325.73539295,nan,nan,nan,nan,nan,nan,nan
1791576733.4485974,nan,nan,nan,0,639066,5325.74372628,nan,nan,nan,nan,nan,nan,nan
1791576733.45687,nan,nan,nan,0,639067,5325.75205961,nan,nan,nan,nan,nan,nan,nan
1791576733.4653268,nan,nan,nan,0,639068,5325.76039294,nan,nan,nan,nan,nan,nan,nan
1791576733.4736018,nan,nan,nan,0,639069,5325.76872627,nan,nan,nan,nan,nan,nan,nan
1791576733.4819248,nan,nan,nan,0,639070,5325.7770596,nan,nan,nan,nan,nan,nan,nan
1791576733.4902205,nan,nan,nan,0,639071,5325.78539293,nan,nan,nan,nan,nan,nan,nan
1791576733.4985476,nan,nan,nan,0,639072,5325.79372626,nan,nan,nan,nan,nan,nan,nan
1791576733.5068986,nan,nan,nan,0,639073,5325.80205959,nan,nan,nan,nan,nan,nan,nan
1791576733.5151806,nan,nan,nan,0,639074,5325.81039292,nan,nan,nan,nan,nan,nan,nan
1791576733.523444,nan,nan,nan,0,639075,5325.81872625,nan,nan,nan,nan,nan,nan,nan
1791576733.5316422,nan,nan,nan,0,639076,5325.82705958,nan,nan,nan,nan,nan,nan,nan
1791576733.540145,nan,nan,nan,0,639077,5325.83539291,nan,nan,nan,nan,nan,nan,nan
1791576733.5484674,nan,nan,nan,0,639078,5325.84372624,nan,nan,nan,nan,nan,nan,nan
1791576733.5567124,nan,nan,nan,0,639079,5325.85205957,nan,nan,nan,nan,nan,nan,nan
1791576733.5650475,nan,nan,nan,0,639080,5325.8603929,nan,nan,nan,nan,nan,nan,nan
1791576733.5739138,nan,nan,nan,0,639081,5325.86872623,nan,nan,nan,nan,nan,nan,nan
1791576733.5817962,nan,nan,nan,0,639082,5325.87705956,nan,nan,nan,nan,nan,nan,nan
1791576733.5901196,nan,nan,nan,0,639083,5325.88539289,nan,nan,nan,nan,nan,nan,nan
1791576733.5986078,nan,nan,nan,0,639084,5325.89372622,nan,nan,nan,nan,nan,nan,nan
1791576733.6069453,nan,nan,nan,0,639085,5325.90205955,nan,nan,nan,nan,nan,nan,nan
1791576733.6160052,nan,nan,nan,0,639086,5325.91039288,nan,nan,nan,nan,nan,nan,nan
1791576733.6246357,nan,nan,nan,0,639087,5325.91872621,nan,nan,nan,nan,nan,nan,nan
1791576733.631705,nan,nan,nan,0,639088,5325.92705954,nan,nan,nan,nan,nan,nan,nan
1791576733.6407058,nan,nan,nan,0,639089,5325.93539287,nan,nan,nan,nan,nan,nan,nan
1791576733.6498022,nan,nan,nan,0,639090,5325.9437262,nan,nan,nan,nan,nan,nan,nan
1791576733.6574016,nan,nan,nan,0,639091,5325.95205953,nan,nan,nan,nan,nan,nan,nan
1791576733.6650786,nan,nan,nan,0,639092,5325.96039286,nan,nan,nan,nan,nan,nan,nan
1791576733.67364,nan,nan,nan,0,639093,5325.96872619,nan,nan,nan,nan,nan,nan,nan
1791576733.6817956,nan,nan,nan,0,639094,5325.97705952,nan,nan,nan,nan,nan,nan,nan
1791576733.6909616,nan,nan,nan,0,639095,5325.98539285,nan,nan,nan,nan,nan,nan,nan
1791576733.698555,nan,nan,nan,0,639096,5325.99372618,nan,nan,nan,nan,nan,nan,nan
1791576733.7070231,nan,nan,nan,0,639097,5326.00205951,nan,nan,nan,nan,nan,nan,nan
1791576733.7151535,nan,nan,nan,0,639098,5326.01039284,nan,nan,nan,nan,nan,nan,nan
1791576733.7235982,nan,nan,nan,0,639099,5326.01872617,nan,nan,nan,nan,nan,nan,nan
1791576733.731864,nan,nan,nan,0,639100,5326.0270595,nan,nan,nan,nan,nan,nan,nan
1791576733.741189,nan,nan,nan,0,639101,5326.03539283,nan,nan,nan,nan,nan,nan,nan
1791576733.7492485,nan,nan,nan,0,639102,5326.04372616,nan,nan,nan,nan,nan,nan,nan
1791576733.7570016,nan,nan,nan,0,639103,5326.05205949,nan,nan,nan,nan,nan,nan,nan
1791576733.7653763,nan,nan,nan,0,639104,5326.06039282,nan,nan,nan,nan,nan,nan,nan
1791576733.7735,nan,nan,nan,0,639105,5326.06872615,nan,nan,nan,nan,nan,nan,nan
1791576733.7818177,nan,nan,nan,0,639106,5326.07705948,nan,nan,nan,nan,nan,nan,nan
1791576733.7900712,nan,nan,nan,0,639107,5326.08539281,nan,nan,nan,nan,nan,nan,nan
1791576733.798757,nan,nan,nan,0,639108,5326.09372614,nan,nan,nan,nan,nan,nan,nan
1791576733.807006,nan,nan,nan,0,639109,5326.10205947,nan,nan,nan,nan,nan,nan,nan
1791576733.8153257,nan,nan,nan,0,639110,5326.1103928,nan,nan,nan,nan,nan,nan,nan
1791576733.8236675,nan,nan,nan,0,639111,5326.11872613,nan,nan,nan,nan,nan,nan,nan
1791576733.8323412,nan,nan,nan,0,639112,5326.12705946,nan,nan,nan,nan,nan,nan,nan
1791576733.8402033,nan,nan,nan,0,639113,5326.13539279,nan,nan,nan,nan,nan,nan,nan
1791576733.850316,nan,nan,nan,0,639114,5326.14372612,nan,nan,nan,nan,nan,nan,nan
1791576733.8570795,nan,nan,nan,0,639115,5326.15205945,nan,nan,nan,nan,nan,nan,nan
1791576733.8650079,nan,nan,nan,0,639116,5326.16039278,nan,nan,nan,nan,nan,nan,nan
1791576733.8736258,nan,nan,nan,0,639117,5326.16872611,nan,nan,nan,nan,nan,nan,nan
1791576733.8820796,nan,nan,nan,0,639118,5326.17705944,nan,nan,nan,nan,nan,nan,nan
1791576733.8902106,nan,nan,nan,0,639119,5326.18539277,nan,nan,nan,nan,nan,nan,nan
1791576733.8985245,nan,nan,nan,0,639120,5326.1937261,nan,nan,nan,nan,nan,nan,nan
1791576733.906858,nan,nan,nan,0,639121,5326.20205943,nan,nan,nan,nan,nan,nan,nan
1791576733.9152353,nan,nan,nan,0,639122,5326.21039276,nan,nan,nan,nan,nan,nan,nan
1791576733.923485,nan,nan,nan,0,639123,5326.21872609,nan,nan,nan,nan,nan,nan,nan
1791576733.9317832,nan,nan,nan,0,639124,5326.22705942,nan,nan,nan,nan,nan,nan,nan
1791576733.9411643,nan,nan,nan,0,639125,5326.23539275,nan,nan,nan,nan,nan,nan,nan
1791576733.9485235,nan,nan,nan,0,639126,5326.24372608,nan,nan,nan,nan,nan,nan,nan
1791576733.9573991,nan,nan,nan,0,639127,5326.25205941,nan,nan,nan,nan,nan,nan,nan
1791576733.9652941,nan,nan,nan,0,639128,5326.26039274,nan,nan,nan,nan,nan,nan,nan
1791576733.973757,nan,nan,nan,0,639129,5326.26872607,nan,nan,nan,nan,nan,nan,nan
1791576733.981921,nan,nan,nan,0,639130,5326.2770594,nan,nan,nan,nan,nan,nan,nan
1791576733.9902651,nan,nan,nan,0,639131,5326.28539273,nan,nan,nan,nan,nan,nan,nan
1791576733.9985995,nan,nan,nan,0,639132,5326.29372606,nan,nan,nan,nan,nan,nan,nan
1791576734.00681,nan,nan,nan,0,639133,5326.30205939,nan,nan,nan,nan,nan,nan,nan
1791576734.0154254,nan,nan,nan,0,639134,5326.31039272,nan,nan,nan,nan,nan,nan,nan
1791576734.023547,nan,nan,nan,0,639135,5326.31872605,nan,nan,nan,nan,nan,nan,nan
1791576734.0317965,nan,nan,nan,0,639136,5326.32705938,nan,nan,nan,nan,nan,nan,nan
1791576734.0475733,nan,nan,nan,0,639137,5326.33539271,nan,nan,nan,nan,nan,nan,nan
1791576734.0484471,nan,nan,nan,0,639138,5326.34372604,nan,nan,nan,nan,nan,nan,nan
1791576734.0573518,nan,nan,nan,0,639139,5326.35205937,nan,nan,nan,nan,nan,nan,nan
1791576734.0653687,nan,nan,nan,0,639140,5326.3603927,nan,nan,nan,nan,nan,nan,nan
1791576734.074557,nan,nan,nan,0,639141,5326.36872603,nan,nan,nan,nan,nan,nan,nan
1791576734.0819685,nan,nan,nan,0,639142,5326.37705936,nan,nan,nan,nan,nan,nan,nan
1791576734.0902913,nan,nan,nan,0,639143,5326.38539269,nan,nan,nan,nan,nan,nan,nan
1791576734.0986614,nan,nan,nan,0,639144,5326.39372602,nan,nan,nan,nan,nan,nan,nan
1791576734.1070125,nan,nan,nan,0,639145,5326.40205935,nan,nan,nan,nan,nan,nan,nan
1791576734.1153011,nan,nan,nan,0,639146,5326.41039268,nan,nan,nan,nan,nan,nan,nan
1791576734.124087,nan,nan,nan,0,639147,5326.41872601,nan,nan,nan,nan,nan,nan,nan
1791576734.1319416,nan,nan,nan,0,639148,5326.42705934,nan,nan,nan,nan,nan,nan,nan
1791576734.1405997,nan,nan,nan,0,639149,5326.43539267,nan,nan,nan,nan,nan,nan,nan
1791576734.1485872,nan,nan,nan,0,639150,5326.443726,nan,nan,nan,nan,nan,nan,nan
1791576734.1576142,nan,nan,nan,0,639151,5326.45205933,nan,nan,nan,nan,nan,nan,nan
1791576734.1652355,nan,nan,nan,0,639152,5326.46039266,nan,nan,nan,nan,nan,nan,nan
1791576734.1765735,nan,nan,nan,0,639153,5326.46872599,nan,nan,nan,nan,nan,nan,nan
1791576734.1817546,nan,nan,nan,0,639154,5326.47705932,nan,nan,nan,nan,nan,nan,nan
1791576734.1901858,nan,nan,nan,0,639155,5326.48539265,nan,nan,nan,nan,nan,nan,nan
1791576734.1985195,nan,nan,nan,0,639156,5326.49372598,nan,nan,nan,nan,nan,nan,nan
1791576734.2099726,nan,nan,nan,0,639157,5326.50205931,nan,nan,nan,nan,nan,nan,nan
1791576734.2156987,nan,nan,nan,0,639158,5326.51039264,nan,nan,nan,nan,nan,nan,nan
1791576734.223651,nan,nan,nan,0,639159,5326.51872597,nan,nan,nan,nan,nan,nan,nan
1791576734.2321432,nan,nan,nan,0,639160,5326.5270593,nan,nan,nan,nan,nan,nan,nan
1791576734.2402549,nan,nan,nan,0,639161,5326.53539263,nan,nan,nan,nan,nan,nan,nan
1791576734.2485566,nan,nan,nan,0,639162,5326.54372596,nan,nan,nan,nan,nan,nan,nan
1791576734.2572918,nan,nan,nan,0,639163,5326.55205929,nan,nan,nan,nan,nan,nan,nan
1791576734.2655342,nan,nan,nan,0,639164,5326.56039262,nan,nan,nan,nan,nan,nan,nan
1791576734.2733815,nan,nan,nan,0,639165,5326.56872595,nan,nan,nan,nan,nan,nan,nan
1791576734.2818258,nan,nan,nan,0,639166,5326.57705928,nan,nan,nan,nan,nan,nan,nan
1791576734.2915657,nan,nan,nan,0,639167,5326.58539261,nan,nan,nan,nan,nan,nan,nan
1791576734.2992022,nan,nan,nan,0,639168,5326.59372594,nan,nan,nan,nan,nan,nan,nan
1791576734.3075788,nan,nan,nan,0,639169,5326.60205927,nan,nan,nan,nan,nan,nan,nan
1791576734.3158624,nan,nan,nan,0,639170,5326.6103926,nan,nan,nan,nan,nan,nan,nan
1791576734.3241313,nan,nan,nan,0,639171,5326.61872593,nan,nan,nan,nan,nan,nan,nan
1791576734.3325508,nan,nan,nan,0,639172,5326.62705926,nan,nan,nan,nan,nan,nan,nan
1791576734.340732,nan,nan,nan,0,639173,5326.63539259,nan,nan,nan,nan,nan,nan,nan
1791576734.3494046,nan,nan,nan,0,639174,5326.64372592,nan,nan,nan,nan,nan,nan,nan
1791576734.3575127,nan,nan,nan,0,639175,5326.65205925,nan,nan,nan,nan,nan,nan,nan
1791576734.3650877,nan,nan,nan,0,639176,5326.66039258,nan,nan,nan,nan,nan,nan,nan
1791576734.3734798,nan,nan,nan,0,639177,5326.66872591,nan,nan,nan,nan,nan,nan,nan
1791576734.3818796,nan,nan,nan,0,639178,5326.67705924,nan,nan,nan,nan,nan,nan,nan
1791576734.3909256,nan,nan,nan,0,639179,5326.68539257,nan,nan,nan,nan,nan,nan,nan
1791576734.3986049,nan,nan,nan,0,639180,5326.6937259,nan,nan,nan,nan,nan,nan,nan
1791576734.4068375,nan,nan,nan,0,639181,5326.70205923,nan,nan,nan,nan,nan,nan,nan
1791576734.4151936,nan,nan,nan,0,639182,5326.71039256,nan,nan,nan,nan,nan,nan,nan
1791576734.423446,nan,nan,nan,0,639183,5326.71872589,nan,nan,nan,nan,nan,nan,nan
1791576734.431811,nan,nan,nan,0,639184,5326.72705922,nan,nan,nan,nan,nan,nan,nan
1791576734.4403331,nan,nan,nan,0,639185,5326.73539255,nan,nan,nan,nan,nan,nan,nan
1791576734.4485545,nan,nan,nan,0,639186,5326.74372588,nan,nan,nan,nan,nan,nan,nan
1791576734.4567904,nan,nan,nan,0,639187,5326.75205921,nan,nan,nan,nan,nan,nan,nan
1791576734.4651914,nan,nan,nan,0,639188,5326.76039254,nan,nan,nan,nan,nan,nan,nan
1791576734.4735465,nan,nan,nan,0,639189,5326.76872587,nan,nan,nan,nan,nan,nan,nan
1791576734.4817905,nan,nan,nan,0,639190,5326.7770592,nan,nan,nan,nan,nan,nan,nan
1791576734.4901555,nan,nan,nan,0,639191,5326.78539253,nan,nan,nan,nan,nan,nan,nan
1791576734.4984007,nan,nan,nan,0,639192,5326.79372586,nan,nan,nan,nan,nan,nan,nan
1791576734.5069938,nan,nan,nan,0,639193,5326.80205919,nan,nan,nan,nan,nan,nan,nan
1791576734.5151544,nan,nan,nan,0,639194,5326.81039252,nan,nan,nan,nan,nan,nan,nan
1791576734.5240011,nan,nan,nan,0,639195,5326.81872585,nan,nan,nan,nan,nan,nan,nan
1791576734.5326226,nan,nan,nan,0,639196,5326.82705918,nan,nan,nan,nan,nan,nan,nan
1791576734.5407317,nan,nan,nan,0,639197,5326.83539251,nan,nan,nan,nan,nan,nan,nan
1791576734.5487344,nan,nan,nan,0,639198,5326.84372584,nan,nan,nan,nan,nan,nan,nan
1791576734.5569065,nan,nan,nan,0,639199,5326.85205917,nan,nan,nan,nan,nan,nan,nan
1791576734.5651963,nan,nan,nan,0,639200,5326.8603925,nan,nan,nan,nan,nan,nan,nan
1791576734.57361,nan,nan,nan,0,639201,5326.86872583,nan,nan,nan,nan,nan,nan,nan
1791576734.5834436,nan,nan,nan,0,639202,5326.87705916,nan,nan,nan,nan,nan,nan,nan
1791576734.5903263,nan,nan,nan,0,639203,5326.88539249,nan,nan,nan,nan,nan,nan,nan
1791576734.5986714,nan,nan,nan,0,639204,5326.89372582,nan,nan,nan,nan,nan,nan,nan
1791576734.607505,nan,nan,nan,0,639205,5326.90205915,nan,nan,nan,nan,nan,nan,nan
1791576734.6150606,nan,nan,nan,0,639206,5326.91039248,nan,nan,nan,nan,nan,nan,nan
1791576734.623588,nan,nan,nan,0,639207,5326.91872581,nan,nan,nan,nan,nan,nan,nan
1791576734.6319265,nan,nan,nan,0,639208,5326.92705914,nan,nan,nan,nan,nan,nan,nan
1791576734.6433697,nan,nan,nan,0,639209,5326.93539247,nan,nan,nan,nan,nan,nan,nan
1791576734.650501,nan,nan,nan,0,639210,5326.9437258,nan,nan,nan,nan,nan,nan,nan
1791576734.656756,nan,nan,nan,0,639211,5326.95205913,nan,nan,nan,nan,nan,nan,nan
1791576734.665704,nan,nan,nan,0,639212,5326.96039246,nan,nan,nan,nan,nan,nan,nan
1791576734.674708,nan,nan,nan,0,639213,5326.96872579,nan,nan,nan,nan,nan,nan,nan
1791576734.682381,nan,nan,nan,0,639214,5326.97705912,nan,nan,nan,nan,nan,nan,nan
1791576734.6914527,nan,nan,nan,0,639215,5326.98539245,nan,nan,nan,nan,nan,nan,nan
1791576734.701316,nan,nan,nan,0,639216,5326.99372578,nan,nan,nan,nan,nan,nan,nan
1791576734.7073588,nan,nan,nan,0,639217,5327.00205911,nan,nan,nan,nan,nan,nan,nan
1791576734.7156782,nan,nan,nan,0,639218,5327.01039244,nan,nan,nan,nan,nan,nan,nan
1791576734.7240806,nan,nan,nan,0,639219,5327.01872577,nan,nan,nan,nan,nan,nan,nan
1791576734.7318835,nan,nan,nan,0,639220,5327.0270591,nan,nan,nan,nan,nan,nan,nan
1791576734.7403793,nan,nan,nan,0,639221,5327.03539243,nan,nan,nan,nan,nan,nan,nan
1791576734.748611,nan,nan,nan,0,639222,5327.04372576,nan,nan,nan,nan,nan,nan,nan
1791576734.7573392,nan,nan,nan,0,639223,5327.05205909,nan,nan,nan,nan,nan,nan,nan
1791576734.7652476,nan,nan,nan,0,639224,5327.06039242,nan,nan,nan,nan,nan,nan,nan
1791576734.7735703,nan,nan,nan,0,639225,5327.06872575,nan,nan,nan,nan,nan,nan,nan
1791576734.7823467,nan,nan,nan,0,639226,5327.07705908,nan,nan,nan,nan,nan,nan,nan
1791576734.7902114,nan,nan,nan,0,639227,5327.08539241,nan,nan,nan,nan,nan,nan,nan
1791576734.7985625,nan,nan,nan,0,639228,5327.09372574,nan,nan,nan,nan,nan,nan,nan
1791576734.807306,nan,nan,nan,0,639229,5327.10205907,nan,nan,nan,nan,nan,nan,nan
1791576734.815178,nan,nan,nan,0,639230,5327.1103924,nan,nan,nan,nan,nan,nan,nan
1791576734.8235142,nan,nan,nan,0,639231,5327.11872573,nan,nan,nan,nan,nan,nan,nan
1791576734.8323584,nan,nan,nan,0,639232,5327.12705906,nan,nan,nan,nan,nan,nan,nan
1791576734.8413296,nan,nan,nan,0,639233,5327.13539239,nan,nan,nan,nan,nan,nan,nan
1791576734.8517227,nan,nan,nan,0,639234,5327.14372572,nan,nan,nan,nan,nan,nan,nan
1791576734.856825,nan,nan,nan,0,639235,5327.15205905,nan,nan,nan,nan,nan,nan,nan
1791576734.8656862,nan,nan,nan,0,639236,5327.16039238,nan,nan,nan,nan,nan,nan,nan
1791576734.8744817,nan,nan,nan,0,639237,5327.16872571,nan,nan,nan,nan,nan,nan,nan
1791576734.881936,nan,nan,nan,0,639238,5327.17705904,nan,nan,nan,nan,nan,nan,nan
1791576734.8903205,nan,nan,nan,0,639239,5327.18539237,nan,nan,nan,nan,nan,nan,nan
1791576734.8985562,nan,nan,nan,0,639240,5327.1937257,nan,nan,nan,nan,nan,nan,nan
1791576734.906927,nan,nan,nan,0,639241,5327.20205903,nan,nan,nan,nan,nan,nan,nan
1791576734.9151883,nan,nan,nan,0,639242,5327.21039236,nan,nan,nan,nan,nan,nan,nan
1791576734.923476,nan,nan,nan,0,639243,5327.21872569,nan,nan,nan,nan,nan,nan,nan
1791576734.931787,nan,nan,nan,0,639244,5327.22705902,nan,nan,nan,nan,nan,nan,nan
1791576734.9401696,nan,nan,nan,0,639245,5327.23539235,nan,nan,nan,nan,nan,nan,nan
1791576734.9484794,nan,nan,nan,0,639246,5327.24372568,nan,nan,nan,nan,nan,nan,nan
1791576734.956896,nan,nan,nan,0,639247,5327.25205901,nan,nan,nan,nan,nan,nan,nan
1791576734.9651034,nan,nan,nan,0,639248,5327.26039234,nan,nan,nan,nan,nan,nan,nan
1791576734.9734213,nan,nan,nan,0,639249,5327.26872567,nan,nan,nan,nan,nan,nan,nan
1791576734.981787,nan,nan,nan,0,639250,5327.277059,nan,nan,nan,nan,nan,nan,nan
1791576734.990392,nan,nan,nan,0,639251,5327.28539233,nan,nan,nan,nan,nan,nan,nan
1791576734.9985604,nan,nan,nan,0,639252,5327.29372566,nan,nan,nan,nan,nan,nan,nan
1791576735.007723,nan,nan,nan,0,639253,5327.30205899,nan,nan,nan,nan,nan,nan,nan
1791576735.0156422,nan,nan,nan,0,639254,5327.31039232,nan,nan,nan,nan,nan,nan,nan
1791576735.0233774,nan,nan,nan,0,639255,5327.31872565,nan,nan,nan,nan,nan,nan,nan
1791576735.0317345,nan,nan,nan,0,639256,5327.32705898,nan,nan,nan,nan,nan,nan,nan
1791576735.0406554,nan,nan,nan,0,639257,5327.33539231,nan,nan,nan,nan,nan,nan,nan
1791576735.0483835,nan,nan,nan,0,639258,5327.34372564,nan,nan,nan,nan,nan,nan,nan
1791576735.0566356,nan,nan,nan,0,639259,5327.35205897,nan,nan,nan,nan,nan,nan,nan
1791576735.0652437,nan,nan,nan,0,639260,5327.3603923,nan,nan,nan,nan,nan,nan,nan
1791576735.0735967,nan,nan,nan,0,639261,5327.36872563,nan,nan,nan,nan,nan,nan,nan
1791576735.0845096,nan,nan,nan,0,639262,5327.37705896,nan,nan,nan,nan,nan,nan,nan
1791576735.091135,nan,nan,nan,0,639263,5327.38539229,nan,nan,nan,nan,nan,nan,nan
1791576735.098524,nan,nan,nan,0,639264,5327.39372562,nan,nan,nan,nan,nan,nan,nan
1791576735.1068761,nan,nan,nan,0,639265,5327.40205895,nan,nan,nan,nan,nan,nan,nan
1791576735.1151829,nan,nan,nan,0,639266,5327.41039228,nan,nan,nan,nan,nan,nan,nan
1791576735.1235855,nan,nan,nan,0,639267,5327.41872561,nan,nan,nan,nan,nan,nan,nan
1791576735.1318932,nan,nan,nan,0,639268,5327.42705894,nan,nan,nan,nan,nan,nan,nan
1791576735.140293,nan,nan,nan,0,639269,5327.43539227,nan,nan,nan,nan,nan,nan,nan
1791576735.1490045,nan,nan,nan,0,639270,5327.4437256,nan,nan,nan,nan,nan,nan,nan
1791576735.157321,nan,nan,nan,0,639271,5327.45205893,nan,nan,nan,nan,nan,nan,nan
1791576735.1651566,nan,nan,nan,0,639272,5327.46039226,nan,nan,nan,nan,nan,nan,nan
1791576735.1741354,nan,nan,nan,0,639273,5327.46872559,nan,nan,nan,nan,nan,nan,nan
1791576735.1827288,nan,nan,nan,0,639274,5327.47705892,nan,nan,nan,nan,nan,nan,nan
1791576735.190197,nan,nan,nan,0,639275,5327.48539225,nan,nan,nan,nan,nan,nan,nan
1791576735.1998305,nan,nan,nan,0,639276,5327.49372558,nan,nan,nan,nan,nan,nan,nan
1791576735.2069635,nan,nan,nan,0,639277,5327.50205891,nan,nan,nan,nan,nan,nan,nan
1791576735.2151372,nan,nan,nan,0,639278,5327.51039224,nan,nan,nan,nan,nan,nan,nan
1791576735.2237933,nan,nan,nan,0,639279,5327.51872557,nan,nan,nan,nan,nan,nan,nan
1791576735.231855,nan,nan,nan,0,639280,5327.5270589,nan,nan,nan,nan,nan,nan,nan
1791576735.2402287,nan,nan,nan,0,639281,5327.53539223,nan,nan,nan,nan,nan,nan,nan
1791576735.2491035,nan,nan,nan,0,639282,5327.54372556,nan,nan,nan,nan,nan,nan,nan
1791576735.2568014,nan,nan,nan,0,639283,5327.55205889,nan,nan,nan,nan,nan,nan,nan
1791576735.2652617,nan,nan,nan,0,639284,5327.56039222,nan,nan,nan,nan,nan,nan,nan
1791576735.273594,nan,nan,nan,0,639285,5327.56872555,nan,nan,nan,nan,nan,nan,nan
1791576735.281974,nan,nan,nan,0,639286,5327.57705888,nan,nan,nan,nan,nan,nan,nan
1791576735.2908263,nan,nan,nan,0,639287,5327.58539221,nan,nan,nan,nan,nan,nan,nan
1791576735.2984996,nan,nan,nan,0,639288,5327.59372554,nan,nan,nan,nan,nan,nan,nan
1791576735.3076844,nan,nan,nan,0,639289,5327.60205887,nan,nan,nan,nan,nan,nan,nan
1791576735.3152225,nan,nan,nan,0,639290,5327.6103922,nan,nan,nan,nan,nan,nan,nan
1791576735.3244667,nan,nan,nan,0,639291,5327.61872553,nan,nan,nan,nan,nan,nan,nan
1791576735.3322508,nan,nan,nan,0,639292,5327.62705886,nan,nan,nan,nan,nan,nan,nan
1791576735.3402271,nan,nan,nan,0,639293,5327.63539219,nan,nan,nan,nan,nan,nan,nan
1791576735.349216,nan,nan,nan,0,639294,5327.64372552,nan,nan,nan,nan,nan,nan,nan
1791576735.3604655,nan,nan,nan,0,639295,5327.65205885,nan,nan,nan,nan,nan,nan,nan
1791576735.3658206,nan,nan,nan,0,639296,5327.66039218,nan,nan,nan,nan,nan,nan,nan
1791576735.3765295,nan,nan,nan,0,639297,5327.66872551,nan,nan,nan,nan,nan,nan,nan
1791576735.381992,nan,nan,nan,0,639298,5327.67705884,nan,nan,nan,nan,nan,nan,nan
1791576735.3909247,nan,nan,nan,0,639299,5327.68539217,nan,nan,nan,nan,nan,nan,nan
1791576735.3986409,nan,nan,nan,0,639300,5327.6937255,nan,nan,nan,nan,nan,nan,nan
1791576735.407068,nan,nan,nan,0,639301,5327.70205883,nan,nan,nan,nan,nan,nan,nan
1791576735.4156315,nan,nan,nan,0,639302,5327.71039216,nan,nan,nan,nan,nan,nan,nan
1791576735.4258373,nan,nan,nan,0,639303,5327.71872549,nan,nan,nan,nan,nan,nan,nan
1791576735.4324343,nan,nan,nan,0,639304,5327.72705882,nan,nan,nan,nan,nan,nan,nan
1791576735.440849,nan,nan,nan,0,639305,5327.73539215,nan,nan,nan,nan,nan,nan,nan
1791576735.4489615,nan,nan,nan,0,639306,5327.74372548,nan,nan,nan,nan,nan,nan,nan
1791576735.4572856,nan,nan,nan,0,639307,5327.75205881,nan,nan,nan,nan,nan,nan,nan
1791576735.4657307,nan,nan,nan,0,639308,5327.76039214,nan,nan,nan,nan,nan,nan,nan
1791576735.4744716,nan,nan,nan,0,639309,5327.76872547,nan,nan,nan,nan,nan,nan,nan
1791576735.4822762,nan,nan,nan,0,639310,5327.7770588,nan,nan,nan,nan,nan,nan,nan
1791576735.490619,nan,nan,nan,0,639311,5327.78539213,nan,nan,nan,nan,nan,nan,nan
1791576735.4988472,nan,nan,nan,0,639312,5327.79372546,nan,nan,nan,nan,nan,nan,nan
1791576735.5069177,nan,nan,nan,0,639313,5327.80205879,nan,nan,nan,nan,nan,nan,nan
1791576735.5159142,nan,nan,nan,0,639314,5327.81039212,nan,nan,nan,nan,nan,nan,nan
1791576735.5240402,nan,nan,nan,0,639315,5327.81872545,nan,nan,nan,nan,nan,nan,nan
1791576735.532702,nan,nan,nan,0,639316,5327.82705878,nan,nan,nan,nan,nan,nan,nan
1791576735.5436583,nan,nan,nan,0,639317,5327.83539211,nan,nan,nan,nan,nan,nan,nan
1791576735.5489545,nan,nan,nan,0,639318,5327.84372544,nan,nan,nan,nan,nan,nan,nan
1791576735.5574148,nan,nan,nan,0,639319,5327.85205877,nan,nan,nan,nan,nan,nan,nan
1791576735.5653098,nan,nan,nan,0,639320,5327.8603921,nan,nan,nan,nan,nan,nan,nan
1791576735.5754561,nan,nan,nan,0,639321,5327.86872543,nan,nan,nan,nan,nan,nan,nan
1791576735.5818958,nan,nan,nan,0,639322,5327.87705876,nan,nan,nan,nan,nan,nan,nan
1791576735.5912,nan,nan,nan,0,639323,5327.88539209,nan,nan,nan,nan,nan,nan,nan
1791576735.598647,nan,nan,nan,0,639324,5327.89372542,nan,nan,nan,nan,nan,nan,nan
1791576735.6071107,nan,nan,nan,0,639325,5327.90205875,nan,nan,nan,nan,nan,nan,nan
1791576735.6161594,nan,nan,nan,0,639326,5327.91039208,nan,nan,nan,nan,nan,nan,nan
1791576735.6236377,nan,nan,nan,0,639327,5327.91872541,nan,nan,nan,nan,nan,nan,nan
1791576735.6317685,nan,nan,nan,0,639328,5327.92705874,nan,nan,nan,nan,nan,nan,nan
1791576735.640301,nan,nan,nan,0,639329,5327.93539207,nan,nan,nan,nan,nan,nan,nan
1791576735.6484694,nan,nan,nan,0,639330,5327.9437254,nan,nan,nan,nan,nan,nan,nan
1791576735.6566925,nan,nan,nan,0,639331,5327.95205873,nan,nan,nan,nan,nan,nan,nan
1791576735.6670077,nan,nan,nan,0,639332,5327.96039206,nan,nan,nan,nan,nan,nan,nan
1791576735.6736724,nan,nan,nan,0,639333,5327.96872539,nan,nan,nan,nan,nan,nan,nan
1791576735.6817882,nan,nan,nan,0,639334,5327.97705872,nan,nan,nan,nan,nan,nan,nan
1791576735.690312,nan,nan,nan,0,639335,5327.98539205,nan,nan,nan,nan,nan,nan,nan
1791576735.6986425,nan,nan,nan,0,639336,5327.99372538,nan,nan,nan,nan,nan,nan,nan
1791576735.7070193,nan,nan,nan,0,639337,5328.00205871,nan,nan,nan,nan,nan,nan,nan
1791576735.7151687,nan,nan,nan,0,639338,5328.01039204,nan,nan,nan,nan,nan,nan,nan
1791576735.7245288,nan,nan,nan,0,639339,5328.01872537,nan,nan,nan,nan,nan,nan,nan
1791576735.7318304,nan,nan,nan,0,639340,5328.0270587,nan,nan,nan,nan,nan,nan,nan
1791576735.74033,nan,nan,nan,0,639341,5328.03539203,nan,nan,nan,nan,nan,nan,nan
1791576735.7486274,nan,nan,nan,0,639342,5328.04372536,nan,nan,nan,nan,nan,nan,nan
1791576735.7571945,nan,nan,nan,0,639343,5328.05205869,nan,nan,nan,nan,nan,nan,nan
1791576735.7657259,nan,nan,nan,0,639344,5328.06039202,nan,nan,nan,nan,nan,nan,nan
1791576735.7735689,nan,nan,nan,0,639345,5328.06872535,nan,nan,nan,nan,nan,nan,nan
1791576735.7819374,nan,nan,nan,0,639346,5328.07705868,nan,nan,nan,nan,nan,nan,nan
1791576735.7910907,nan,nan,nan,0,639347,5328.08539201,nan,nan,nan,nan,nan,nan,nan
1791576735.798497,nan,nan,nan,0,639348,5328.09372534,nan,nan,nan,nan,nan,nan,nan
1791576735.8077712,nan,nan,nan,0,639349,5328.10205867,nan,nan,nan,nan,nan,nan,nan
1791576735.8152294,nan,nan,nan,0,639350,5328.110392,nan,nan,nan,nan,nan,nan,nan
1791576735.8234835,nan,nan,nan,0,639351,5328.11872533,nan,nan,nan,nan,nan,nan,nan
1791576735.8318164,nan,nan,nan,0,639352,5328.12705866,nan,nan,nan,nan,nan,nan,nan
1791576735.8401854,nan,nan,nan,0,639353,5328.13539199,nan,nan,nan,nan,nan,nan,nan
1791576735.849347,nan,nan,nan,0,639354,5328.14372532,nan,nan,nan,nan,nan,nan,nan
1791576735.856915,nan,nan,nan,0,639355,5328.15205865,nan,nan,nan,nan,nan,nan,nan
1791576735.8651564,nan,nan,nan,0,639356,5328.16039198,nan,nan,nan,nan,nan,nan,nan
1791576735.8735888,nan,nan,nan,0,639357,5328.16872531,nan,nan,nan,nan,nan,nan,nan
1791576735.8820262,nan,nan,nan,0,639358,5328.17705864,nan,nan,nan,nan,nan,nan,nan
1791576735.8904896,nan,nan,nan,0,639359,5328.18539197,nan,nan,nan,nan,nan,nan,nan
1791576735.8987575,nan,nan,nan,0,639360,5328.1937253,nan,nan,nan,nan,nan,nan,nan
1791576735.9069343,nan,nan,nan,0,639361,5328.20205863,nan,nan,nan,nan,nan,nan,nan
1791576735.9161034,nan,nan,nan,0,639362,5328.21039196,nan,nan,nan,nan,nan,nan,nan
1791576735.9235375,nan,nan,nan,0,639363,5328.21872529,nan,nan,nan,nan,nan,nan,nan
1791576735.9326196,nan,nan,nan,0,639364,5328.22705862,nan,nan,nan,nan,nan,nan,nan
1791576735.9407501,nan,nan,nan,0,639365,5328.23539195,nan,nan,nan,nan,nan,nan,nan
1791576735.9500208,nan,nan,nan,0,639366,5328.24372528,nan,nan,nan,nan,nan,nan,nan
1791576735.9569743,nan,nan,nan,0,639367,5328.25205861,nan,nan,nan,nan,nan,nan,nan
1791576735.965649,nan,nan,nan,0,639368,5328.26039194,nan,nan,nan,nan,nan,nan,nan
1791576735.9807963,nan,nan,nan,0,639369,5328.26872527,nan,nan,nan,nan,nan,nan,nan
1791576735.9814212,nan,nan,nan,0,639370,5328.2770586,nan,nan,nan,nan,nan,nan,nan
1791576735.9903147,nan,nan,nan,0,639371,5328.28539193,nan,nan,nan,nan,nan,nan,nan
1791576735.9985254,nan,nan,nan,0,639372,5328.29372526,nan,nan,nan,nan,nan,nan,nan
1791576736.007042,nan,nan,nan,0,639373,5328.30205859,nan,nan,nan,nan,nan,nan,nan
1791576736.0155585,nan,nan,nan,0,639374,5328.31039192,nan,nan,nan,nan,nan,nan,nan
1791576736.0236266,nan,nan,nan,0,639375,5328.31872525,nan,nan,nan,nan,nan,nan,nan
1791576736.0318873,nan,nan,nan,0,639376,5328.32705858,nan,nan,nan,nan,nan,nan,nan
1791576736.040632,nan,nan,nan,0,639377,5328.33539191,nan,nan,nan,nan,nan,nan,nan
1791576736.048447,nan,nan,nan,0,639378,5328.34372524,nan,nan,nan,nan,nan,nan,nan
1791576736.0569196,nan,nan,nan,0,639379,5328.35205857,nan,nan,nan,nan,nan,nan,nan
1791576736.0654862,nan,nan,nan,0,639380,5328.3603919,nan,nan,nan,nan,nan,nan,nan
1791576736.0736074,nan,nan,nan,0,639381,5328.36872523,nan,nan,nan,nan,nan,nan,nan
1791576736.0818975,nan,nan,nan,0,639382,5328.37705856,nan,nan,nan,nan,nan,nan,nan
1791576736.090157,nan,nan,nan,0,639383,5328.38539189,nan,nan,nan,nan,nan,nan,nan
1791576736.0986574,nan,nan,nan,0,639384,5328.39372522,nan,nan,nan,nan,nan,nan,nan
1791576736.1074438,nan,nan,nan,0,639385,5328.40205855,nan,nan,nan,nan,nan,nan,nan
1791576736.1152074,nan,nan,nan,0,639386,5328.41039188,nan,nan,nan,nan,nan,nan,nan
1791576736.1236866,nan,nan,nan,0,639387,5328.41872521,nan,nan,nan,nan,nan,nan,nan
1791576736.1319523,nan,nan,nan,0,639388,5328.42705854,nan,nan,nan,nan,nan,nan,nan
1791576736.1402478,nan,nan,nan,0,639389,5328.43539187,nan,nan,nan,nan,nan,nan,nan
1791576736.148544,nan,nan,nan,0,639390,5328.4437252,nan,nan,nan,nan,nan,nan,nan
1791576736.157287,nan,nan,nan,0,639391,5328.45205853,nan,nan,nan,nan,nan,nan,nan
1791576736.165166,nan,nan,nan,0,639392,5328.46039186,nan,nan,nan,nan,nan,nan,nan
1791576736.17355,nan,nan,nan,0,639393,5328.46872519,nan,nan,nan,nan,nan,nan,nan
1791576736.18205,nan,nan,nan,0,639394,5328.47705852,nan,nan,nan,nan,nan,nan,nan
1791576736.1906788,nan,nan,nan,0,639395,5328.48539185,nan,nan,nan,nan,nan,nan,nan
1791576736.1986063,nan,nan,nan,0,639396,5328.49372518,nan,nan,nan,nan,nan,nan,nan
1791576736.207351,nan,nan,nan,0,639397,5328.50205851,nan,nan,nan,nan,nan,nan,nan
1791576736.2152407,nan,nan,nan,0,639398,5328.51039184,nan,nan,nan,nan,nan,nan,nan
1791576736.2235072,nan,nan,nan,0,639399,5328.51872517,nan,nan,nan,nan,nan,nan,nan
1791576736.2322505,nan,nan,nan,0,639400,5328.5270585,nan,nan,nan,nan,nan,nan,nan
1791576736.240245,nan,nan,nan,0,639401,5328.53539183,nan,nan,nan,nan,nan,nan,nan
1791576736.2485585,nan,nan,nan,0,639402,5328.54372516,nan,nan,nan,nan,nan,nan,nan
1791576736.2573943,nan,nan,nan,0,639403,5328.55205849,nan,nan,nan,nan,nan,nan,nan
1791576736.2650535,nan,nan,nan,0,639404,5328.56039182,nan,nan,nan,nan,nan,nan,nan
1791576736.2734869,nan,nan,nan,0,639405,5328.56872515,nan,nan,nan,nan,nan,nan,nan
1791576736.282658,nan,nan,nan,0,639406,5328.57705848,nan,nan,nan,nan,nan,nan,nan
1791576736.2902203,nan,nan,nan,0,639407,5328.58539181,nan,nan,nan,nan,nan,nan,nan
1791576736.2985857,nan,nan,nan,0,639408,5328.59372514,nan,nan,nan,nan,nan,nan,nan
1791576736.3081226,nan,nan,nan,0,639409,5328.60205847,nan,nan,nan,nan,nan,nan,nan
1791576736.315242,nan,nan,nan,0,639410,5328.6103918,nan,nan,nan,nan,nan,nan,nan
1791576736.323585,nan,nan,nan,0,639411,5328.61872513,nan,nan,nan,nan,nan,nan,nan
1791576736.3319066,nan,nan,nan,0,639412,5328.62705846,nan,nan,nan,nan,nan,nan,nan
1791576736.3402474,nan,nan,nan,0,639413,5328.63539179,nan,nan,nan,nan,nan,nan,nan
1791576736.3485808,nan,nan,nan,0,639414,5328.64372512,nan,nan,nan,nan,nan,nan,nan
1791576736.3570652,nan,nan,nan,0,639415,5328.65205845,nan,nan,nan,nan,nan,nan,nan
1791576736.3651738,nan,nan,nan,0,639416,5328.66039178,nan,nan,nan,nan,nan,nan,nan
1791576736.3738997,nan,nan,nan,0,639417,5328.66872511,nan,nan,nan,nan,nan,nan,nan
1791576736.38195,nan,nan,nan,0,639418,5328.67705844,nan,nan,nan,nan,nan,nan,nan
1791576736.3907814,nan,nan,nan,0,639419,5328.68539177,nan,nan,nan,nan,nan,nan,nan
1791576736.398627,nan,nan,nan,0,639420,5328.6937251,nan,nan,nan,nan,nan,nan,nan
1791576736.407184,nan,nan,nan,0,639421,5328.70205843,nan,nan,nan,nan,nan,nan,nan
1791576736.4152408,nan,nan,nan,0,639422,5328.71039176,nan,nan,nan,nan,nan,nan,nan
1791576736.4235811,nan,nan,nan,0,639423,5328.71872509,nan,nan,nan,nan,nan,nan,nan
1791576736.4319677,nan,nan,nan,0,639424,5328.72705842,nan,nan,nan,nan,nan,nan,nan
1791576736.441765,nan,nan,nan,0,639425,5328.73539175,nan,nan,nan,nan,nan,nan,nan
1791576736.4485016,nan,nan,nan,0,639426,5328.74372508,nan,nan,nan,nan,nan,nan,nan
1791576736.4569001,nan,nan,nan,0,639427,5328.75205841,nan,nan,nan,nan,nan,nan,nan
1791576736.46516,nan,nan,nan,0,639428,5328.76039174,nan,nan,nan,nan,nan,nan,nan
1791576736.4737365,nan,nan,nan,0,639429,5328.76872507,nan,nan,nan,nan,nan,nan,nan
1791576736.4818666,nan,nan,nan,0,639430,5328.7770584,nan,nan,nan,nan,nan,nan,nan
1791576736.4911742,nan,nan,nan,0,639431,5328.78539173,nan,nan,nan,nan,nan,nan,nan
1791576736.4985209,nan,nan,nan,0,639432,5328.79372506,nan,nan,nan,nan,nan,nan,nan
1791576736.5068495,nan,nan,nan,0,639433,5328.80205839,nan,nan,nan,nan,nan,nan,nan
1791576736.515399,nan,nan,nan,0,639434,5328.81039172,nan,nan,nan,nan,nan,nan,nan
1791576736.5235827,nan,nan,nan,0,639435,5328.81872505,nan,nan,nan,nan,nan,nan,nan
1791576736.531847,nan,nan,nan,0,639436,5328.82705838,nan,nan,nan,nan,nan,nan,nan
1791576736.5400908,nan,nan,nan,0,639437,5328.83539171,nan,nan,nan,nan,nan,nan,nan
1791576736.5484693,nan,nan,nan,0,639438,5328.84372504,nan,nan,nan,nan,nan,nan,nan
1791576736.556906,nan,nan,nan,0,639439,5328.85205837,nan,nan,nan,nan,nan,nan,nan
1791576736.5652,nan,nan,nan,0,639440,5328.8603917,nan,nan,nan,nan,nan,nan,nan
1791576736.573892,nan,nan,nan,0,639441,5328.86872503,nan,nan,nan,nan,nan,nan,nan
1791576736.5818353,nan,nan,nan,0,639442,5328.87705836,nan,nan,nan,nan,nan,nan,nan
1791576736.59014,nan,nan,nan,0,639443,5328.88539169,nan,nan,nan,nan,nan,nan,nan
1791576736.5983913,nan,nan,nan,0,639444,5328.89372502,nan,nan,nan,nan,nan,nan,nan
1791576736.606952,nan,nan,nan,0,639445,5328.90205835,nan,nan,nan,nan,nan,nan,nan
1791576736.616238,nan,nan,nan,0,639446,5328.91039168,nan,nan,nan,nan,nan,nan,nan
1791576736.6237085,nan,nan,nan,0,639447,5328.91872501,nan,nan,nan,nan,nan,nan,nan
1791576736.6322348,nan,nan,nan,0,639448,5328.92705834,nan,nan,nan,nan,nan,nan,nan
1791576736.6407342,nan,nan,nan,0,639449,5328.93539167,nan,nan,nan,nan,nan,nan,nan
1791576736.6485314,nan,nan,nan,0,639450,5328.943725,nan,nan,nan,nan,nan,nan,nan
1791576736.6572096,nan,nan,nan,0,639451,5328.95205833,nan,nan,nan,nan,nan,nan,nan
1791576736.665214,nan,nan,nan,0,639452,5328.96039166,nan,nan,nan,nan,nan,nan,nan
1791576736.6735182,nan,nan,nan,0,639453,5328.96872499,nan,nan,nan,nan,nan,nan,nan
1791576736.6821556,nan,nan,nan,0,639454,5328.97705832,nan,nan,nan,nan,nan,nan,nan
1791576736.6901724,nan,nan,nan,0,639455,5328.98539165,nan,nan,nan,nan,nan,nan,nan
1791576736.6986308,nan,nan,nan,0,639456,5328.99372498,nan,nan,nan,nan,nan,nan,nan
1791576736.7068,nan,nan,nan,0,639457,5329.00205831,nan,nan,nan,nan,nan,nan,nan
1791576736.715328,nan,nan,nan,0,639458,5329.01039164,nan,nan,nan,nan,nan,nan,nan
1791576736.723529,nan,nan,nan,0,639459,5329.01872497,nan,nan,nan,nan,nan,nan,nan
1791576736.734938,nan,nan,nan,0,639460,5329.0270583,nan,nan,nan,nan,nan,nan,nan
1791576736.74067,nan,nan,nan,0,639461,5329.03539163,nan,nan,nan,nan,nan,nan,nan
1791576736.7491035,nan,nan,nan,0,639462,5329.04372496,nan,nan,nan,nan,nan,nan,nan
1791576736.7570708,nan,nan,nan,0,639463,5329.05205829,nan,nan,nan,nan,nan,nan,nan
1791576736.765249,nan,nan,nan,0,639464,5329.06039162,nan,nan,nan,nan,nan,nan,nan
1791576736.7735898,nan,nan,nan,0,639465,5329.06872495,nan,nan,nan,nan,nan,nan,nan
1791576736.7824447,nan,nan,nan,0,639466,5329.07705828,nan,nan,nan,nan,nan,nan,nan
1791576736.7907193,nan,nan,nan,0,639467,5329.08539161,nan,nan,nan,nan,nan,nan,nan
1791576736.7985668,nan,nan,nan,0,639468,5329.09372494,nan,nan,nan,nan,nan,nan,nan
1791576736.8068736,nan,nan,nan,0,639469,5329.10205827,nan,nan,nan,nan,nan,nan,nan
1791576736.8154263,nan,nan,nan,0,639470,5329.1103916,nan,nan,nan,nan,nan,nan,nan
1791576736.8243861,nan,nan,nan,0,639471,5329.11872493,nan,nan,nan,nan,nan,nan,nan
1791576736.8321786,nan,nan,nan,0,639472,5329.12705826,nan,nan,nan,nan,nan,nan,nan
1791576736.8403301,nan,nan,nan,0,639473,5329.13539159,nan,nan,nan,nan,nan,nan,nan
1791576736.8497124,nan,nan,nan,0,639474,5329.14372492,nan,nan,nan,nan,nan,nan,nan
1791576736.8571038,nan,nan,nan,0,639475,5329.15205825,nan,nan,nan,nan,nan,nan,nan
1791576736.8653398,nan,nan,nan,0,639476,5329.16039158,nan,nan,nan,nan,nan,nan,nan
1791576736.8736758,nan,nan,nan,0,639477,5329.16872491,nan,nan,nan,nan,nan,nan,nan
1791576736.8821058,nan,nan,nan,0,639478,5329.17705824,nan,nan,nan,nan,nan,nan,nan
1791576736.890286,nan,nan,nan,0,639479,5329.18539157,nan,nan,nan,nan,nan,nan,nan
1791576736.8989043,nan,nan,nan,0,639480,5329.1937249,nan,nan,nan,nan,nan,nan,nan
1791576736.906946,nan,nan,nan,0,639481,5329.20205823,nan,nan,nan,nan,nan,nan,nan
1791576736.9155562,nan,nan,nan,0,639482,5329.21039156,nan,nan,nan,nan,nan,nan,nan
1791576736.924166,nan,nan,nan,0,639483,5329.21872489,nan,nan,nan,nan,nan,nan,nan
1791576736.9318979,nan,nan,nan,0,639484,5329.22705822,nan,nan,nan,nan,nan,nan,nan
1791576736.9407506,nan,nan,nan,0,639485,5329.23539155,nan,nan,nan,nan,nan,nan,nan
1791576736.9487958,nan,nan,nan,0,639486,5329.24372488,nan,nan,nan,nan,nan,nan,nan
1791576736.956888,nan,nan,nan,0,639487,5329.25205821,nan,nan,nan,nan,nan,nan,nan
1791576736.9651675,nan,nan,nan,0,639488,5329.26039154,nan,nan,nan,nan,nan,nan,nan
1791576736.9735394,nan,nan,nan,0,639489,5329.26872487,nan,nan,nan,nan,nan,nan,nan
1791576736.982432,nan,nan,nan,0,639490,5329.2770582,nan,nan,nan,nan,nan,nan,nan
1791576736.990301,nan,nan,nan,0,639491,5329.28539153,nan,nan,nan,nan,nan,nan,nan
1791576736.9990098,nan,nan,nan,0,639492,5329.29372486,nan,nan,nan,nan,nan,nan,nan
1791576737.006972,nan,nan,nan,0,639493,5329.30205819,nan,nan,nan,nan,nan,nan,nan
1791576737.0152998,nan,nan,nan,0,639494,5329.31039152,nan,nan,nan,nan,nan,nan,nan
1791576737.0245538,nan,nan,nan,0,639495,5329.31872485,nan,nan,nan,nan,nan,nan,nan
1791576737.031983,nan,nan,nan,0,639496,5329.32705818,nan,nan,nan,nan,nan,nan,nan
1791576737.0403454,nan,nan,nan,0,639497,5329.33539151,nan,nan,nan,nan,nan,nan,nan
1791576737.0489585,nan,nan,nan,0,639498,5329.34372484,nan,nan,nan,nan,nan,nan,nan
1791576737.0568187,nan,nan,nan,0,639499,5329.35205817,nan,nan,nan,nan,nan,nan,nan
1791576737.0655823,nan,nan,nan,0,639500,5329.3603915,nan,nan,nan,nan,nan,nan,nan
1791576737.0739686,nan,nan,nan,0,639501,5329.36872483,nan,nan,nan,nan,nan,nan,nan
1791576737.0822296,nan,nan,nan,0,639502,5329.37705816,nan,nan,nan,nan,nan,nan,nan
1791576737.090198,nan,nan,nan,0,639503,5329.38539149,nan,nan,nan,nan,nan,nan,nan
1791576737.0987468,nan,nan,nan,0,639504,5329.39372482,nan,nan,nan,nan,nan,nan,nan
1791576737.107074,nan,nan,nan,0,639505,5329.40205815,nan,nan,nan,nan,nan,nan,nan
1791576737.115172,nan,nan,nan,0,639506,5329.41039148,nan,nan,nan,nan,nan,nan,nan
1791576737.1242292,nan,nan,nan,0,639507,5329.41872481,nan,nan,nan,nan,nan,nan,nan
1791576737.1320102,nan,nan,nan,0,639508,5329.42705814,nan,nan,nan,nan,nan,nan,nan
1791576737.140192,nan,nan,nan,0,639509,5329.43539147,nan,nan,nan,nan,nan,nan,nan
1791576737.1486866,nan,nan,nan,0,639510,5329.4437248,nan,nan,nan,nan,nan,nan,nan
1791576737.1586163,nan,nan,nan,0,639511,5329.45205813,nan,nan,nan,nan,nan,nan,nan
1791576737.1651785,nan,nan,nan,0,639512,5329.46039146,nan,nan,nan,nan,nan,nan,nan
1791576737.1735568,nan,nan,nan,0,639513,5329.46872479,nan,nan,nan,nan,nan,nan,nan
1791576737.1818955,nan,nan,nan,0,639514,5329.47705812,nan,nan,nan,nan,nan,nan,nan
1791576737.1909692,nan,nan,nan,0,639515,5329.48539145,nan,nan,nan,nan,nan,nan,nan
1791576737.2018907,nan,nan,nan,0,639516,5329.49372478,nan,nan,nan,nan,nan,nan,nan
1791576737.2099092,nan,nan,nan,0,639517,5329.50205811,nan,nan,nan,nan,nan,nan,nan
1791576737.2157364,nan,nan,nan,0,639518,5329.51039144,nan,nan,nan,nan,nan,nan,nan
1791576737.223763,nan,nan,nan,0,639519,5329.51872477,nan,nan,nan,nan,nan,nan,nan
1791576737.2318745,nan,nan,nan,0,639520,5329.5270581,nan,nan,nan,nan,nan,nan,nan
1791576737.2433968,nan,nan,nan,0,639521,5329.53539143,nan,nan,nan,nan,nan,nan,nan
1791576737.248585,nan,nan,nan,0,639522,5329.54372476,nan,nan,nan,nan,nan,nan,nan
1791576737.2568896,nan,nan,nan,0,639523,5329.55205809,nan,nan,nan,nan,nan,nan,nan
1791576737.2651203,nan,nan,nan,0,639524,5329.56039142,nan,nan,nan,nan,nan,nan,nan
1791576737.2754664,nan,nan,nan,0,639525,5329.56872475,nan,nan,nan,nan,nan,nan,nan
1791576737.2817743,nan,nan,nan,0,639526,5329.57705808,nan,nan,nan,nan,nan,nan,nan
1791576737.2905,nan,nan,nan,0,639527,5329.58539141,nan,nan,nan,nan,nan,nan,nan
1791576737.2985845,nan,nan,nan,0,639528,5329.59372474,nan,nan,nan,nan,nan,nan,nan
1791576737.3079872,nan,nan,nan,0,639529,5329.60205807,nan,nan,nan,nan,nan,nan,nan
1791576737.3151944,nan,nan,nan,0,639530,5329.6103914,nan,nan,nan,nan,nan,nan,nan
1791576737.3247247,nan,nan,nan,0,639531,5329.61872473,nan,nan,nan,nan,nan,nan,nan
1791576737.333021,nan,nan,nan,0,639532,5329.62705806,nan,nan,nan,nan,nan,nan,nan
1791576737.340321,nan,nan,nan,0,639533,5329.63539139,nan,nan,nan,nan,nan,nan,nan
1791576737.348667,nan,nan,nan,0,639534,5329.64372472,nan,nan,nan,nan,nan,nan,nan
1791576737.3570201,nan,nan,nan,0,639535,5329.65205805,nan,nan,nan,nan,nan,nan,nan
1791576737.365181,nan,nan,nan,0,639536,5329.66039138,nan,nan,nan,nan,nan,nan,nan
1791576737.3744123,nan,nan,nan,0,639537,5329.66872471,nan,nan,nan,nan,nan,nan,nan
1791576737.381918,nan,nan,nan,0,639538,5329.67705804,nan,nan,nan,nan,nan,nan,nan
1791576737.3907557,nan,nan,nan,0,639539,5329.68539137,nan,nan,nan,nan,nan,nan,nan
1791576737.3997967,nan,nan,nan,0,639540,5329.6937247,nan,nan,nan,nan,nan,nan,nan
1791576737.4069357,nan,nan,nan,0,639541,5329.70205803,nan,nan,nan,nan,nan,nan,nan
1791576737.4158392,nan,nan,nan,0,639542,5329.71039136,nan,nan,nan,nan,nan,nan,nan
1791576737.4241486,nan,nan,nan,0,639543,5329.71872469,nan,nan,nan,nan,nan,nan,nan
1791576737.431887,nan,nan,nan,0,639544,5329.72705802,nan,nan,nan,nan,nan,nan,nan
1791576737.4402306,nan,nan,nan,0,639545,5329.73539135,nan,nan,nan,nan,nan,nan,nan
1791576737.448629,nan,nan,nan,0,639546,5329.74372468,nan,nan,nan,nan,nan,nan,nan
1791576737.4566953,nan,nan,nan,0,639547,5329.75205801,nan,nan,nan,nan,nan,nan,nan
1791576737.465335,nan,nan,nan,0,639548,5329.76039134,nan,nan,nan,nan,nan,nan,nan
1791576737.4735222,nan,nan,nan,0,639549,5329.76872467,nan,nan,nan,nan,nan,nan,nan
1791576737.4821846,nan,nan,nan,0,639550,5329.777058,nan,nan,nan,nan,nan,nan,nan
1791576737.4900641,nan,nan,nan,0,639551,5329.78539133,nan,nan,nan,nan,nan,nan,nan
1791576737.4988918,nan,nan,nan,0,639552,5329.79372466,nan,nan,nan,nan,nan,nan,nan
1791576737.5068219,nan,nan,nan,0,639553,5329.80205799,nan,nan,nan,nan,nan,nan,nan
1791576737.5149813,nan,nan,nan,0,639554,5329.81039132,nan,nan,nan,nan,nan,nan,nan
1791576737.523373,nan,nan,nan,0,639555,5329.81872465,nan,nan,nan,nan,nan,nan,nan
1791576737.531861,nan,nan,nan,0,639556,5329.82705798,nan,nan,nan,nan,nan,nan,nan
1791576737.5408807,nan,nan,nan,0,639557,5329.83539131,nan,nan,nan,nan,nan,nan,nan
1791576737.548844,nan,nan,nan,0,639558,5329.84372464,nan,nan,nan,nan,nan,nan,nan
1791576737.5577042,nan,nan,nan,0,639559,5329.85205797,nan,nan,nan,nan,nan,nan,nan
1791576737.565165,nan,nan,nan,0,639560,5329.8603913,nan,nan,nan,nan,nan,nan,nan
1791576737.5735672,nan,nan,nan,0,639561,5329.86872463,nan,nan,nan,nan,nan,nan,nan
1791576737.5839252,nan,nan,nan,0,639562,5329.87705796,nan,nan,nan,nan,nan,nan,nan
1791576737.5901754,nan,nan,nan,0,639563,5329.88539129,nan,nan,nan,nan,nan,nan,nan
1791576737.5985396,nan,nan,nan,0,639564,5329.89372462,nan,nan,nan,nan,nan,nan,nan
1791576737.6069381,nan,nan,nan,0,639565,5329.90205795,nan,nan,nan,nan,nan,nan,nan
1791576737.6155956,nan,nan,nan,0,639566,5329.91039128,nan,nan,nan,nan,nan,nan,nan
1791576737.623681,nan,nan,nan,0,639567,5329.91872461,nan,nan,nan,nan,nan,nan,nan
1791576737.6319144,nan,nan,nan,0,639568,5329.92705794,nan,nan,nan,nan,nan,nan,nan
1791576737.64044,nan,nan,nan,0,639569,5329.93539127,nan,nan,nan,nan,nan,nan,nan
1791576737.649391,nan,nan,nan,0,639570,5329.9437246,nan,nan,nan,nan,nan,nan,nan
1791576737.6573505,nan,nan,nan,0,639571,5329.95205793,nan,nan,nan,nan,nan,nan,nan
1791576737.6653066,nan,nan,nan,0,639572,5329.96039126,nan,nan,nan,nan,nan,nan,nan
1791576737.6738942,nan,nan,nan,0,639573,5329.96872459,nan,nan,nan,nan,nan,nan,nan
1791576737.6818776,nan,nan,nan,0,639574,5329.97705792,nan,nan,nan,nan,nan,nan,nan
1791576737.6902063,nan,nan,nan,0,639575,5329.98539125,nan,nan,nan,nan,nan,nan,nan
1791576737.698701,nan,nan,nan,0,639576,5329.99372458,nan,nan,nan,nan,nan,nan,nan
1791576737.706782,nan,nan,nan,0,639577,5330.00205791,nan,nan,nan,nan,nan,nan,nan
1791576737.7152712,nan,nan,nan,0,639578,5330.01039124,nan,nan,nan,nan,nan,nan,nan
1791576737.7238805,nan,nan,nan,0,639579,5330.01872457,nan,nan,nan,nan,nan,nan,nan
1791576737.73191,nan,nan,nan,0,639580,5330.0270579,nan,nan,nan,nan,nan,nan,nan
1791576737.740201,nan,nan,nan,0,639581,5330.03539123,nan,nan,nan,nan,nan,nan,nan
1791576737.7486746,nan,nan,nan,0,639582,5330.04372456,nan,nan,nan,nan,nan,nan,nan
1791576737.7570367,nan,nan,nan,0,639583,5330.05205789,nan,nan,nan,nan,nan,nan,nan
1791576737.765367,nan,nan,nan,0,639584,5330.06039122,nan,nan,nan,nan,nan,nan,nan
1791576737.7736478,nan,nan,nan,0,639585,5330.06872455,nan,nan,nan,nan,nan,nan,nan
1791576737.7820191,nan,nan,nan,0,639586,5330.07705788,nan,nan,nan,nan,nan,nan,nan
1791576737.790248,nan,nan,nan,0,639587,5330.08539121,nan,nan,nan,nan,nan,nan,nan
1791576737.798538,nan,nan,nan,0,639588,5330.09372454,nan,nan,nan,nan,nan,nan,nan
1791576737.807167,nan,nan,nan,0,639589,5330.10205787,nan,nan,nan,nan,nan,nan,nan
1791576737.8156123,nan,nan,nan,0,639590,5330.1103912,nan,nan,nan,nan,nan,nan,nan
1791576737.82411,nan,nan,nan,0,639591,5330.11872453,nan,nan,nan,nan,nan,nan,nan
1791576737.8319914,nan,nan,nan,0,639592,5330.12705786,nan,nan,nan,nan,nan,nan,nan
1791576737.8403287,nan,nan,nan,0,639593,5330.13539119,nan,nan,nan,nan,nan,nan,nan
1791576737.8488884,nan,nan,nan,0,639594,5330.14372452,nan,nan,nan,nan,nan,nan,nan
1791576737.8577678,nan,nan,nan,0,639595,5330.15205785,nan,nan,nan,nan,nan,nan,nan
1791576737.8652155,nan,nan,nan,0,639596,5330.16039118,nan,nan,nan,nan,nan,nan,nan
1791576737.8744032,nan,nan,nan,0,639597,5330.16872451,nan,nan,nan,nan,nan,nan,nan
1791576737.8818278,nan,nan,nan,0,639598,5330.17705784,nan,nan,nan,nan,nan,nan,nan
1791576737.8909183,nan,nan,nan,0,639599,5330.18539117,nan,nan,nan,nan,nan,nan,nan
1791576737.899623,nan,nan,nan,0,639600,5330.1937245,nan,nan,nan,nan,nan,nan,nan
1791576737.906956,nan,nan,nan,0,639601,5330.20205783,nan,nan,nan,nan,nan,nan,nan
1791576737.9152396,nan,nan,nan,0,639602,5330.21039116,nan,nan,nan,nan,nan,nan,nan
1791576737.9236763,nan,nan,nan,0,639603,5330.21872449,nan,nan,nan,nan,nan,nan,nan
1791576737.9318712,nan,nan,nan,0,639604,5330.22705782,nan,nan,nan,nan,nan,nan,nan
1791576737.9411786,nan,nan,nan,0,639605,5330.23539115,nan,nan,nan,nan,nan,nan,nan
1791576737.948619,nan,nan,nan,0,639606,5330.24372448,nan,nan,nan,nan,nan,nan,nan
1791576737.957243,nan,nan,nan,0,639607,5330.25205781,nan,nan,nan,nan,nan,nan,nan
1791576737.965179,nan,nan,nan,0,639608,5330.26039114,nan,nan,nan,nan,nan,nan,nan
1791576737.9733946,nan,nan,nan,0,639609,5330.26872447,nan,nan,nan,nan,nan,nan,nan
1791576737.981688,nan,nan,nan,0,639610,5330.2770578,nan,nan,nan,nan,nan,nan,nan
1791576737.9900703,nan,nan,nan,0,639611,5330.28539113,nan,nan,nan,nan,nan,nan,nan
1791576737.9984279,nan,nan,nan,0,639612,5330.29372446,nan,nan,nan,nan,nan,nan,nan
1791576738.0066936,nan,nan,nan,0,639613,5330.30205779,nan,nan,nan,nan,nan,nan,nan
1791576738.0154374,nan,nan,nan,0,639614,5330.31039112,nan,nan,nan,nan,nan,nan,nan
1791576738.0238373,nan,nan,nan,0,639615,5330.31872445,nan,nan,nan,nan,nan,nan,nan
1791576738.0325723,nan,nan,nan,0,639616,5330.32705778,nan,nan,nan,nan,nan,nan,nan
1791576738.0410805,nan,nan,nan,0,639617,5330.33539111,nan,nan,nan,nan,nan,nan,nan
1791576738.0497751,nan,nan,nan,0,639618,5330.34372444,nan,nan,nan,nan,nan,nan,nan
1791576738.0576677,nan,nan,nan,0,639619,5330.35205777,nan,nan,nan,nan,nan,nan,nan
1791576738.0659463,nan,nan,nan,0,639620,5330.3603911,nan,nan,nan,nan,nan,nan,nan
1791576738.074538,nan,nan,nan,0,639621,5330.36872443,nan,nan,nan,nan,nan,nan,nan
1791576738.0826666,nan,nan,nan,0,639622,5330.37705776,nan,nan,nan,nan,nan,nan,nan
1791576738.090725,nan,nan,nan,0,639623,5330.38539109,nan,nan,nan,nan,nan,nan,nan
1791576738.098497,nan,nan,nan,0,639624,5330.39372442,nan,nan,nan,nan,nan,nan,nan
1791576738.107208,nan,nan,nan,0,639625,5330.40205775,nan,nan,nan,nan,nan,nan,nan
1791576738.1155798,nan,nan,nan,0,639626,5330.41039108,nan,nan,nan,nan,nan,nan,nan
1791576738.1235974,nan,nan,nan,0,639627,5330.41872441,nan,nan,nan,nan,nan,nan,nan
1791576738.1322367,nan,nan,nan,0,639628,5330.42705774,nan,nan,nan,nan,nan,nan,nan
1791576738.1403916,nan,nan,nan,0,639629,5330.43539107,nan,nan,nan,nan,nan,nan,nan
1791576738.1487136,nan,nan,nan,0,639630,5330.4437244,nan,nan,nan,nan,nan,nan,nan
1791576738.1574516,nan,nan,nan,0,639631,5330.45205773,nan,nan,nan,nan,nan,nan,nan
1791576738.165141,nan,nan,nan,0,639632,5330.46039106,nan,nan,nan,nan,nan,nan,nan
1791576738.1745803,nan,nan,nan,0,639633,5330.46872439,nan,nan,nan,nan,nan,nan,nan
1791576738.182154,nan,nan,nan,0,639634,5330.47705772,nan,nan,nan,nan,nan,nan,nan
1791576738.190257,nan,nan,nan,0,639635,5330.48539105,nan,nan,nan,nan,nan,nan,nan
1791576738.1987185,nan,nan,nan,0,639636,5330.49372438,nan,nan,nan,nan,nan,nan,nan
1791576738.2074556,nan,nan,nan,0,639637,5330.50205771,nan,nan,nan,nan,nan,nan,nan
1791576738.2152305,nan,nan,nan,0,639638,5330.51039104,nan,nan,nan,nan,nan,nan,nan
1791576738.2240756,nan,nan,nan,0,639639,5330.51872437,nan,nan,nan,nan,nan,nan,nan
1791576738.2330596,nan,nan,nan,0,639640,5330.5270577,nan,nan,nan,nan,nan,nan,nan
1791576738.2404888,nan,nan,nan,0,639641,5330.53539103,nan,nan,nan,nan,nan,nan,nan
1791576738.249579,nan,nan,nan,0,639642,5330.54372436,nan,nan,nan,nan,nan,nan,nan
1791576738.2580001,nan,nan,nan,0,639643,5330.55205769,nan,nan,nan,nan,nan,nan,nan
1791576738.2655528,nan,nan,nan,0,639644,5330.56039102,nan,nan,nan,nan,nan,nan,nan
1791576738.2741103,nan,nan,nan,0,639645,5330.56872435,nan,nan,nan,nan,nan,nan,nan
1791576738.2818177,nan,nan,nan,0,639646,5330.57705768,nan,nan,nan,nan,nan,nan,nan
1791576738.2902982,nan,nan,nan,0,639647,5330.58539101,nan,nan,nan,nan,nan,nan,nan
1791576738.2992396,nan,nan,nan,0,639648,5330.59372434,nan,nan,nan,nan,nan,nan,nan
1791576738.3081121,nan,nan,nan,0,639649,5330.60205767,nan,nan,nan,nan,nan,nan,nan
1791576738.315271,nan,nan,nan,0,639650,5330.610391,nan,nan,nan,nan,nan,nan,nan
1791576738.3235705,nan,nan,nan,0,639651,5330.61872433,nan,nan,nan,nan,nan,nan,nan
1791576738.3318548,nan,nan,nan,0,639652,5330.62705766,nan,nan,nan,nan,nan,nan,nan
1791576738.3402681,nan,nan,nan,0,639653,5330.63539099,nan,nan,nan,nan,nan,nan,nan
1791576738.3487291,nan,nan,nan,0,639654,5330.64372432,nan,nan,nan,nan,nan,nan,nan
1791576738.3605568,nan,nan,nan,0,639655,5330.65205765,nan,nan,nan,nan,nan,nan,nan
1791576738.3653383,nan,nan,nan,0,639656,5330.66039098,nan,nan,nan,nan,nan,nan,nan
1791576738.3745015,nan,nan,nan,0,639657,5330.66872431,nan,nan,nan,nan,nan,nan,nan
1791576738.3818638,nan,nan,nan,0,639658,5330.67705764,nan,nan,nan,nan,nan,nan,nan
1791576738.3905523,nan,nan,nan,0,639659,5330.68539097,nan,nan,nan,nan,nan,nan,nan
1791576738.398586,nan,nan,nan,0,639660,5330.6937243,nan,nan,nan,nan,nan,nan,nan
1791576738.407514,nan,nan,nan,0,639661,5330.70205763,nan,nan,nan,nan,nan,nan,nan
1791576738.415214,nan,nan,nan,0,639662,5330.71039096,nan,nan,nan,nan,nan,nan,nan
1791576738.4237115,nan,nan,nan,0,639663,5330.71872429,nan,nan,nan,nan,nan,nan,nan
1791576738.4317708,nan,nan,nan,0,639664,5330.72705762,nan,nan,nan,nan,nan,nan,nan
1791576738.4401834,nan,nan,nan,0,639665,5330.73539095,nan,nan,nan,nan,nan,nan,nan
1791576738.4485524,nan,nan,nan,0,639666,5330.74372428,nan,nan,nan,nan,nan,nan,nan
1791576738.456865,nan,nan,nan,0,639667,5330.75205761,nan,nan,nan,nan,nan,nan,nan
1791576738.4651754,nan,nan,nan,0,639668,5330.76039094,nan,nan,nan,nan,nan,nan,nan
1791576738.4735432,nan,nan,nan,0,639669,5330.76872427,nan,nan,nan,nan,nan,nan,nan
1791576738.4818542,nan,nan,nan,0,639670,5330.7770576,nan,nan,nan,nan,nan,nan,nan
1791576738.4904394,nan,nan,nan,0,639671,5330.78539093,nan,nan,nan,nan,nan,nan,nan
1791576738.49852,nan,nan,nan,0,639672,5330.79372426,nan,nan,nan,nan,nan,nan,nan
1791576738.5067928,nan,nan,nan,0,639673,5330.80205759,nan,nan,nan,nan,nan,nan,nan
1791576738.5152078,nan,nan,nan,0,639674,5330.81039092,nan,nan,nan,nan,nan,nan,nan
1791576738.524423,nan,nan,nan,0,639675,5330.81872425,nan,nan,nan,nan,nan,nan,nan
1791576738.5320504,nan,nan,nan,0,639676,5330.82705758,nan,nan,nan,nan,nan,nan,nan
1791576738.5422537,nan,nan,nan,0,639677,5330.83539091,nan,nan,nan,nan,nan,nan,nan
1791576738.5486538,nan,nan,nan,0,639678,5330.84372424,nan,nan,nan,nan,nan,nan,nan
1791576738.556945,nan,nan,nan,0,639679,5330.85205757,nan,nan,nan,nan,nan,nan,nan
1791576738.5652635,nan,nan,nan,0,639680,5330.8603909,nan,nan,nan,nan,nan,nan,nan
1791576738.5737035,nan,nan,nan,0,639681,5330.86872423,nan,nan,nan,nan,nan,nan,nan
1791576738.581954,nan,nan,nan,0,639682,5330.87705756,nan,nan,nan,nan,nan,nan,nan
1791576738.5919633,nan,nan,nan,0,639683,5330.88539089,nan,nan,nan,nan,nan,nan,nan
1791576738.5987868,nan,nan,nan,0,639684,5330.89372422,nan,nan,nan,nan,nan,nan,nan
1791576738.607466,nan,nan,nan,0,639685,5330.90205755,nan,nan,nan,nan,nan,nan,nan
1791576738.6153357,nan,nan,nan,0,639686,5330.91039088,nan,nan,nan,nan,nan,nan,nan
1791576738.6236231,nan,nan,nan,0,639687,5330.91872421,nan,nan,nan,nan,nan,nan,nan
1791576738.6319084,nan,nan,nan,0,639688,5330.92705754,nan,nan,nan,nan,nan,nan,nan
1791576738.6405451,nan,nan,nan,0,639689,5330.93539087,nan,nan,nan,nan,nan,nan,nan
1791576738.6492984,nan,nan,nan,0,639690,5330.9437242,nan,nan,nan,nan,nan,nan,nan
1791576738.6576126,nan,nan,nan,0,639691,5330.95205753,nan,nan,nan,nan,nan,nan,nan
1791576738.6650722,nan,nan,nan,0,639692,5330.96039086,nan,nan,nan,nan,nan,nan,nan
1791576738.674031,nan,nan,nan,0,639693,5330.96872419,nan,nan,nan,nan,nan,nan,nan
1791576738.6825137,nan,nan,nan,0,639694,5330.97705752,nan,nan,nan,nan,nan,nan,nan
1791576738.6901262,nan,nan,nan,0,639695,5330.98539085,nan,nan,nan,nan,nan,nan,nan
1791576738.7027686,nan,nan,nan,0,639696,5330.99372418,nan,nan,nan,nan,nan,nan,nan
1791576738.7070613,nan,nan,nan,0,639697,5331.00205751,nan,nan,nan,nan,nan,nan,nan
1791576738.7154403,nan,nan,nan,0,639698,5331.01039084,nan,nan,nan,nan,nan,nan,nan
1791576738.7240672,nan,nan,nan,0,639699,5331.01872417,nan,nan,nan,nan,nan,nan,nan
1791576738.7318435,nan,nan,nan,0,639700,5331.0270575,nan,nan,nan,nan,nan,nan,nan
1791576738.7404544,nan,nan,nan,0,639701,5331.03539083,nan,nan,nan,nan,nan,nan,nan
1791576738.7487764,nan,nan,nan,0,639702,5331.04372416,nan,nan,nan,nan,nan,nan,nan
1791576738.7584085,nan,nan,nan,0,639703,5331.05205749,nan,nan,nan,nan,nan,nan,nan
1791576738.7667172,nan,nan,nan,0,639704,5331.06039082,nan,nan,nan,nan,nan,nan,nan
1791576738.7736397,nan,nan,nan,0,639705,5331.06872415,nan,nan,nan,nan,nan,nan,nan
1791576738.7819624,nan,nan,nan,0,639706,5331.07705748,nan,nan,nan,nan,nan,nan,nan
1791576738.7903516,nan,nan,nan,0,639707,5331.08539081,nan,nan,nan,nan,nan,nan,nan
1791576738.7985506,nan,nan,nan,0,639708,5331.09372414,nan,nan,nan,nan,nan,nan,nan
1791576738.8074353,nan,nan,nan,0,639709,5331.10205747,nan,nan,nan,nan,nan,nan,nan
1791576738.8153446,nan,nan,nan,0,639710,5331.1103908,nan,nan,nan,nan,nan,nan,nan
1791576738.8236713,nan,nan,nan,0,639711,5331.11872413,nan,nan,nan,nan,nan,nan,nan
1791576738.8317735,nan,nan,nan,0,639712,5331.12705746,nan,nan,nan,nan,nan,nan,nan
1791576738.8401043,nan,nan,nan,0,639713,5331.13539079,nan,nan,nan,nan,nan,nan,nan
1791576738.848516,nan,nan,nan,0,639714,5331.14372412,nan,nan,nan,nan,nan,nan,nan
1791576738.857049,nan,nan,nan,0,639715,5331.15205745,nan,nan,nan,nan,nan,nan,nan
1791576738.865779,nan,nan,nan,0,639716,5331.16039078,nan,nan,nan,nan,nan,nan,nan
1791576738.874727,nan,nan,nan,0,639717,5331.16872411,nan,nan,nan,nan,nan,nan,nan
1791576738.8849866,nan,nan,nan,0,639718,5331.17705744,nan,nan,nan,nan,nan,nan,nan
1791576738.8902397,nan,nan,nan,0,639719,5331.18539077,nan,nan,nan,nan,nan,nan,nan
1791576738.8985102,nan,nan,nan,0,639720,5331.1937241,nan,nan,nan,nan,nan,nan,nan
1791576738.907266,nan,nan,nan,0,639721,5331.20205743,nan,nan,nan,nan,nan,nan,nan
1791576738.915328,nan,nan,nan,0,639722,5331.21039076,nan,nan,nan,nan,nan,nan,nan
1791576738.9235344,nan,nan,nan,0,639723,5331.21872409,nan,nan,nan,nan,nan,nan,nan
1791576738.9319165,nan,nan,nan,0,639724,5331.22705742,nan,nan,nan,nan,nan,nan,nan
1791576738.9406693,nan,nan,nan,0,639725,5331.23539075,nan,nan,nan,nan,nan,nan,nan
1791576738.9488432,nan,nan,nan,0,639726,5331.24372408,nan,nan,nan,nan,nan,nan,nan
1791576738.9578547,nan,nan,nan,0,639727,5331.25205741,nan,nan,nan,nan,nan,nan,nan
1791576738.9651372,nan,nan,nan,0,639728,5331.26039074,nan,nan,nan,nan,nan,nan,nan
1791576738.9741216,nan,nan,nan,0,639729,5331.26872407,nan,nan,nan,nan,nan,nan,nan
1791576738.981909,nan,nan,nan,0,639730,5331.2770574,nan,nan,nan,nan,nan,nan,nan
1791576738.990164,nan,nan,nan,0,639731,5331.28539073,nan,nan,nan,nan,nan,nan,nan
1791576738.998636,nan,nan,nan,0,639732,5331.29372406,nan,nan,nan,nan,nan,nan,nan
1791576739.0069585,nan,nan,nan,0,639733,5331.30205739,nan,nan,nan,nan,nan,nan,nan
1791576739.0152237,nan,nan,nan,0,639734,5331.31039072,nan,nan,nan,nan,nan,nan,nan
1791576739.0234334,nan,nan,nan,0,639735,5331.31872405,nan,nan,nan,nan,nan,nan,nan
1791576739.0321279,nan,nan,nan,0,639736,5331.32705738,nan,nan,nan,nan,nan,nan,nan
1791576739.0405746,nan,nan,nan,0,639737,5331.33539071,nan,nan,nan,nan,nan,nan,nan
1791576739.0484807,nan,nan,nan,0,639738,5331.34372404,nan,nan,nan,nan,nan,nan,nan
1791576739.057037,nan,nan,nan,0,639739,5331.35205737,nan,nan,nan,nan,nan,nan,nan
1791576739.065862,nan,nan,nan,0,639740,5331.3603907,nan,nan,nan,nan,nan,nan,nan
1791576739.0785003,nan,nan,nan,0,639741,5331.36872403,nan,nan,nan,nan,nan,nan,nan
1791576739.0842037,nan,nan,nan,0,639742,5331.37705736,nan,nan,nan,nan,nan,nan,nan
1791576739.0906694,nan,nan,nan,0,639743,5331.38539069,nan,nan,nan,nan,nan,nan,nan
1791576739.0986524,nan,nan,nan,0,639744,5331.39372402,nan,nan,nan,nan,nan,nan,nan
1791576739.107007,nan,nan,nan,0,639745,5331.40205735,nan,nan,nan,nan,nan,nan,nan
1791576739.11539,nan,nan,nan,0,639746,5331.41039068,nan,nan,nan,nan,nan,nan,nan
1791576739.1236727,nan,nan,nan,0,639747,5331.41872401,nan,nan,nan,nan,nan,nan,nan
1791576739.132031,nan,nan,nan,0,639748,5331.42705734,nan,nan,nan,nan,nan,nan,nan
1791576739.140619,nan,nan,nan,0,639749,5331.43539067,nan,nan,nan,nan,nan,nan,nan
1791576739.1487288,nan,nan,nan,0,639750,5331.443724,nan,nan,nan,nan,nan,nan,nan
1791576739.1589108,nan,nan,nan,0,639751,5331.45205733,nan,nan,nan,nan,nan,nan,nan
1791576739.1653595,nan,nan,nan,0,639752,5331.46039066,nan,nan,nan,nan,nan,nan,nan
1791576739.17365,nan,nan,nan,0,639753,5331.46872399,nan,nan,nan,nan,nan,nan,nan
1791576739.1820252,nan,nan,nan,0,639754,5331.47705732,nan,nan,nan,nan,nan,nan,nan
1791576739.1902342,nan,nan,nan,0,639755,5331.48539065,nan,nan,nan,nan,nan,nan,nan
1791576739.1987383,nan,nan,nan,0,639756,5331.49372398,nan,nan,nan,nan,nan,nan,nan
1791576739.2069168,nan,nan,nan,0,639757,5331.50205731,nan,nan,nan,nan,nan,nan,nan
1791576739.215837,nan,nan,nan,0,639758,5331.51039064,nan,nan,nan,nan,nan,nan,nan
1791576739.2245991,nan,nan,nan,0,639759,5331.51872397,nan,nan,nan,nan,nan,nan,nan
1791576739.231862,nan,nan,nan,0,639760,5331.5270573,nan,nan,nan,nan,nan,nan,nan
1791576739.2403193,nan,nan,nan,0,639761,5331.53539063,nan,nan,nan,nan,nan,nan,nan
1791576739.248689,nan,nan,nan,0,639762,5331.54372396,nan,nan,nan,nan,nan,nan,nan
1791576739.257147,nan,nan,nan,0,639763,5331.55205729,nan,nan,nan,nan,nan,nan,nan
1791576739.265212,nan,nan,nan,0,639764,5331.56039062,nan,nan,nan,nan,nan,nan,nan
1791576739.2745304,nan,nan,nan,0,639765,5331.56872395,nan,nan,nan,nan,nan,nan,nan
1791576739.2821178,nan,nan,nan,0,639766,5331.57705728,nan,nan,nan,nan,nan,nan,nan
1791576739.290992,nan,nan,nan,0,639767,5331.58539061,nan,nan,nan,nan,nan,nan,nan
1791576739.2989132,nan,nan,nan,0,639768,5331.59372394,nan,nan,nan,nan,nan,nan,nan
1791576739.3077319,nan,nan,nan,0,639769,5331.60205727,nan,nan,nan,nan,nan,nan,nan
1791576739.315248,nan,nan,nan,0,639770,5331.6103906,nan,nan,nan,nan,nan,nan,nan
1791576739.3234656,nan,nan,nan,0,639771,5331.61872393,nan,nan,nan,nan,nan,nan,nan
1791576739.3319578,nan,nan,nan,0,639772,5331.62705726,nan,nan,nan,nan,nan,nan,nan
1791576739.3402913,nan,nan,nan,0,639773,5331.63539059,nan,nan,nan,nan,nan,nan,nan
1791576739.3490644,nan,nan,nan,0,639774,5331.64372392,nan,nan,nan,nan,nan,nan,nan
1791576739.358444,nan,nan,nan,0,639775,5331.65205725,nan,nan,nan,nan,nan,nan,nan
1791576739.3654,nan,nan,nan,0,639776,5331.66039058,nan,nan,nan,nan,nan,nan,nan
1791576739.373514,nan,nan,nan,0,639777,5331.66872391,nan,nan,nan,nan,nan,nan,nan
1791576739.3828251,nan,nan,nan,0,639778,5331.67705724,nan,nan,nan,nan,nan,nan,nan
1791576739.3902314,nan,nan,nan,0,639779,5331.68539057,nan,nan,nan,nan,nan,nan,nan
1791576739.3985896,nan,nan,nan,0,639780,5331.6937239,nan,nan,nan,nan,nan,nan,nan
1791576739.407164,nan,nan,nan,0,639781,5331.70205723,nan,nan,nan,nan,nan,nan,nan
1791576739.41537,nan,nan,nan,0,639782,5331.71039056,nan,nan,nan,nan,nan,nan,nan
1791576739.423734,nan,nan,nan,0,639783,5331.71872389,nan,nan,nan,nan,nan,nan,nan
1791576739.4319112,nan,nan,nan,0,639784,5331.72705722,nan,nan,nan,nan,nan,nan,nan
1791576739.4402897,nan,nan,nan,0,639785,5331.73539055,nan,nan,nan,nan,nan,nan,nan
1791576739.448576,nan,nan,nan,0,639786,5331.74372388,nan,nan,nan,nan,nan,nan,nan
1791576739.4570265,nan,nan,nan,0,639787,5331.75205721,nan,nan,nan,nan,nan,nan,nan
1791576739.465297,nan,nan,nan,0,639788,5331.76039054,nan,nan,nan,nan,nan,nan,nan
1791576739.4736161,nan,nan,nan,0,639789,5331.76872387,nan,nan,nan,nan,nan,nan,nan
1791576739.4836082,nan,nan,nan,0,639790,5331.7770572,nan,nan,nan,nan,nan,nan,nan
1791576739.490339,nan,nan,nan,0,639791,5331.78539053,nan,nan,nan,nan,nan,nan,nan
1791576739.4995112,nan,nan,nan,0,639792,5331.79372386,nan,nan,nan,nan,nan,nan,nan
1791576739.5069225,nan,nan,nan,0,639793,5331.80205719,nan,nan,nan,nan,nan,nan,nan
1791576739.5151842,nan,nan,nan,0,639794,5331.81039052,nan,nan,nan,nan,nan,nan,nan
1791576739.5235248,nan,nan,nan,0,639795,5331.81872385,nan,nan,nan,nan,nan,nan,nan
1791576739.5318658,nan,nan,nan,0,639796,5331.82705718,nan,nan,nan,nan,nan,nan,nan
1791576739.5411162,nan,nan,nan,0,639797,5331.83539051,nan,nan,nan,nan,nan,nan,nan
1791576739.5486238,nan,nan,nan,0,639798,5331.84372384,nan,nan,nan,nan,nan,nan,nan
1791576739.557006,nan,nan,nan,0,639799,5331.85205717,nan,nan,nan,nan,nan,nan,nan
1791576739.5652018,nan,nan,nan,0,639800,5331.8603905,nan,nan,nan,nan,nan,nan,nan
1791576739.573508,nan,nan,nan,0,639801,5331.86872383,nan,nan,nan,nan,nan,nan,nan
1791576739.5829287,nan,nan,nan,0,639802,5331.87705716,nan,nan,nan,nan,nan,nan,nan
1791576739.5903614,nan,nan,nan,0,639803,5331.88539049,nan,nan,nan,nan,nan,nan,nan
1791576739.5985327,nan,nan,nan,0,639804,5331.89372382,nan,nan,nan,nan,nan,nan,nan
1791576739.606935,nan,nan,nan,0,639805,5331.90205715,nan,nan,nan,nan,nan,nan,nan
1791576739.616031,nan,nan,nan,0,639806,5331.91039048,nan,nan,nan,nan,nan,nan,nan
1791576739.6236086,nan,nan,nan,0,639807,5331.91872381,nan,nan,nan,nan,nan,nan,nan
1791576739.6350384,nan,nan,nan,0,639808,5331.92705714,nan,nan,nan,nan,nan,nan,nan
1791576739.640373,nan,nan,nan,0,639809,5331.93539047,nan,nan,nan,nan,nan,nan,nan
1791576739.6492112,nan,nan,nan,0,639810,5331.9437238,nan,nan,nan,nan,nan,nan,nan
1791576739.657299,nan,nan,nan,0,639811,5331.95205713,nan,nan,nan,nan,nan,nan,nan
1791576739.6652606,nan,nan,nan,0,639812,5331.96039046,nan,nan,nan,nan,nan,nan,nan
1791576739.6736062,nan,nan,nan,0,639813,5331.96872379,nan,nan,nan,nan,nan,nan,nan
1791576739.6821609,nan,nan,nan,0,639814,5331.97705712,nan,nan,nan,nan,nan,nan,nan
1791576739.6923742,nan,nan,nan,0,639815,5331.98539045,nan,nan,nan,nan,nan,nan,nan
1791576739.698701,nan,nan,nan,0,639816,5331.99372378,nan,nan,nan,nan,nan,nan,nan
1791576739.7075365,nan,nan,nan,0,639817,5332.00205711,nan,nan,nan,nan,nan,nan,nan
1791576739.7153888,nan,nan,nan,0,639818,5332.01039044,nan,nan,nan,nan,nan,nan,nan
1791576739.724041,nan,nan,nan,0,639819,5332.01872377,nan,nan,nan,nan,nan,nan,nan
1791576739.7328188,nan,nan,nan,0,639820,5332.0270571,nan,nan,nan,nan,nan,nan,nan
1791576739.7409408,nan,nan,nan,0,639821,5332.03539043,nan,nan,nan,nan,nan,nan,nan
1791576739.749291,nan,nan,nan,0,639822,5332.04372376,nan,nan,nan,nan,nan,nan,nan
1791576739.7580209,nan,nan,nan,0,639823,5332.05205709,nan,nan,nan,nan,nan,nan,nan
1791576739.7656105,nan,nan,nan,0,639824,5332.06039042,nan,nan,nan,nan,nan,nan,nan
1791576739.7742307,nan,nan,nan,0,639825,5332.06872375,nan,nan,nan,nan,nan,nan,nan
1791576739.7831888,nan,nan,nan,0,639826,5332.07705708,nan,nan,nan,nan,nan,nan,nan
1791576739.7908163,nan,nan,nan,0,639827,5332.08539041,nan,nan,nan,nan,nan,nan,nan
1791576739.7991512,nan,nan,nan,0,639828,5332.09372374,nan,nan,nan,nan,nan,nan,nan
1791576739.8069649,nan,nan,nan,0,639829,5332.10205707,nan,nan,nan,nan,nan,nan,nan
1791576739.8153937,nan,nan,nan,0,639830,5332.1103904,nan,nan,nan,nan,nan,nan,nan
1791576739.8236053,nan,nan,nan,0,639831,5332.11872373,nan,nan,nan,nan,nan,nan,nan
1791576739.831945,nan,nan,nan,0,639832,5332.12705706,nan,nan,nan,nan,nan,nan,nan
1791576739.8402984,nan,nan,nan,0,639833,5332.13539039,nan,nan,nan,nan,nan,nan,nan
1791576739.8485534,nan,nan,nan,0,639834,5332.14372372,nan,nan,nan,nan,nan,nan,nan
1791576739.85848,nan,nan,nan,0,639835,5332.15205705,nan,nan,nan,nan,nan,nan,nan
1791576739.8652198,nan,nan,nan,0,639836,5332.16039038,nan,nan,nan,nan,nan,nan,nan
1791576739.8746197,nan,nan,nan,0,639837,5332.16872371,nan,nan,nan,nan,nan,nan,nan
1791576739.881946,nan,nan,nan,0,639838,5332.17705704,nan,nan,nan,nan,nan,nan,nan
1791576739.8902721,nan,nan,nan,0,639839,5332.18539037,nan,nan,nan,nan,nan,nan,nan
1791576739.8987212,nan,nan,nan,0,639840,5332.1937237,nan,nan,nan,nan,nan,nan,nan
1791576739.9073553,nan,nan,nan,0,639841,5332.20205703,nan,nan,nan,nan,nan,nan,nan
1791576739.917483,nan,nan,nan,0,639842,5332.21039036,nan,nan,nan,nan,nan,nan,nan
1791576739.9237967,nan,nan,nan,0,639843,5332.21872369,nan,nan,nan,nan,nan,nan,nan
1791576739.9318063,nan,nan,nan,0,639844,5332.22705702,nan,nan,nan,nan,nan,nan,nan
1791576739.940251,nan,nan,nan,0,639845,5332.23539035,nan,nan,nan,nan,nan,nan,nan
1791576739.9545524,nan,nan,nan,0,639846,5332.24372368,nan,nan,nan,nan,nan,nan,nan
1791576739.956839,nan,nan,nan,0,639847,5332.25205701,nan,nan,nan,nan,nan,nan,nan
1791576739.9668312,nan,nan,nan,0,639848,5332.26039034,nan,nan,nan,nan,nan,nan,nan
1791576739.9735086,nan,nan,nan,0,639849,5332.26872367,nan,nan,nan,nan,nan,nan,nan
1791576739.98493,nan,nan,nan,0,639850,5332.277057,nan,nan,nan,nan,nan,nan,nan
1791576739.9902139,nan,nan,nan,0,639851,5332.28539033,nan,nan,nan,nan,nan,nan,nan
1791576739.9992115,nan,nan,nan,0,639852,5332.29372366,nan,nan,nan,nan,nan,nan,nan
1791576740.0068731,nan,nan,nan,0,639853,5332.30205699,nan,nan,nan,nan,nan,nan,nan
1791576740.0152102,nan,nan,nan,0,639854,5332.31039032,nan,nan,nan,nan,nan,nan,nan
1791576740.0242448,nan,nan,nan,0,639855,5332.31872365,nan,nan,nan,nan,nan,nan,nan
1791576740.031935,nan,nan,nan,0,639856,5332.32705698,nan,nan,nan,nan,nan,nan,nan
1791576740.0406628,nan,nan,nan,0,639857,5332.33539031,nan,nan,nan,nan,nan,nan,nan
1791576740.0486884,nan,nan,nan,0,639858,5332.34372364,nan,nan,nan,nan,nan,nan,nan
1791576740.0570378,nan,nan,nan,0,639859,5332.35205697,nan,nan,nan,nan,nan,nan,nan
1791576740.0652936,nan,nan,nan,0,639860,5332.3603903,nan,nan,nan,nan,nan,nan,nan
1791576740.0738363,nan,nan,nan,0,639861,5332.36872363,nan,nan,nan,nan,nan,nan,nan
1791576740.0824182,nan,nan,nan,0,639862,5332.37705696,nan,nan,nan,nan,nan,nan,nan
1791576740.0902112,nan,nan,nan,0,639863,5332.38539029,nan,nan,nan,nan,nan,nan,nan
1791576740.0991669,nan,nan,nan,0,639864,5332.39372362,nan,nan,nan,nan,nan,nan,nan
1791576740.1067922,nan,nan,nan,0,639865,5332.40205695,nan,nan,nan,nan,nan,nan,nan
1791576740.1156523,nan,nan,nan,0,639866,5332.41039028,nan,nan,nan,nan,nan,nan,nan
1791576740.1236365,nan,nan,nan,0,639867,5332.41872361,nan,nan,nan,nan,nan,nan,nan
1791576740.1317952,nan,nan,nan,0,639868,5332.42705694,nan,nan,nan,nan,nan,nan,nan
1791576740.1401772,nan,nan,nan,0,639869,5332.43539027,nan,nan,nan,nan,nan,nan,nan
1791576740.148495,nan,nan,nan,0,639870,5332.4437236,nan,nan,nan,nan,nan,nan,nan
1791576740.1572046,nan,nan,nan,0,639871,5332.45205693,nan,nan,nan,nan,nan,nan,nan
1791576740.165301,nan,nan,nan,0,639872,5332.46039026,nan,nan,nan,nan,nan,nan,nan
1791576740.1740572,nan,nan,nan,0,639873,5332.46872359,nan,nan,nan,nan,nan,nan,nan
1791576740.1824794,nan,nan,nan,0,639874,5332.47705692,nan,nan,nan,nan,nan,nan,nan
1791576740.1903367,nan,nan,nan,0,639875,5332.48539025,nan,nan,nan,nan,nan,nan,nan
1791576740.1997817,nan,nan,nan,0,639876,5332.49372358,nan,nan,nan,nan,nan,nan,nan
1791576740.207309,nan,nan,nan,0,639877,5332.50205691,nan,nan,nan,nan,nan,nan,nan
1791576740.215661,nan,nan,nan,0,639878,5332.51039024,nan,nan,nan,nan,nan,nan,nan
1791576740.2237833,nan,nan,nan,0,639879,5332.51872357,nan,nan,nan,nan,nan,nan,nan
1791576740.232119,nan,nan,nan,0,639880,5332.5270569,nan,nan,nan,nan,nan,nan,nan
1791576740.240759,nan,nan,nan,0,639881,5332.53539023,nan,nan,nan,nan,nan,nan,nan
1791576740.2492898,nan,nan,nan,0,639882,5332.54372356,nan,nan,nan,nan,nan,nan,nan
1791576740.2571795,nan,nan,nan,0,639883,5332.55205689,nan,nan,nan,nan,nan,nan,nan
1791576740.265353,nan,nan,nan,0,639884,5332.56039022,nan,nan,nan,nan,nan,nan,nan
1791576740.2742171,nan,nan,nan,0,639885,5332.56872355,nan,nan,nan,nan,nan,nan,nan
1791576740.2820036,nan,nan,nan,0,639886,5332.57705688,nan,nan,nan,nan,nan,nan,nan
1791576740.2902687,nan,nan,nan,0,639887,5332.58539021,nan,nan,nan,nan,nan,nan,nan
1791576740.298641,nan,nan,nan,0,639888,5332.59372354,nan,nan,nan,nan,nan,nan,nan
1791576740.3069768,nan,nan,nan,0,639889,5332.60205687,nan,nan,nan,nan,nan,nan,nan
1791576740.3153267,nan,nan,nan,0,639890,5332.6103902,nan,nan,nan,nan,nan,nan,nan
1791576740.3235786,nan,nan,nan,0,639891,5332.61872353,nan,nan,nan,nan,nan,nan,nan
1791576740.3324842,nan,nan,nan,0,639892,5332.62705686,nan,nan,nan,nan,nan,nan,nan
1791576740.3404016,nan,nan,nan,0,639893,5332.63539019,nan,nan,nan,nan,nan,nan,nan
1791576740.3487065,nan,nan,nan,0,639894,5332.64372352,nan,nan,nan,nan,nan,nan,nan
1791576740.3571231,nan,nan,nan,0,639895,5332.65205685,nan,nan,nan,nan,nan,nan,nan
1791576740.365698,nan,nan,nan,0,639896,5332.66039018,nan,nan,nan,nan,nan,nan,nan
1791576740.373839,nan,nan,nan,0,639897,5332.66872351,nan,nan,nan,nan,nan,nan,nan
1791576740.381932,nan,nan,nan,0,639898,5332.67705684,nan,nan,nan,nan,nan,nan,nan
1791576740.3902488,nan,nan,nan,0,639899,5332.68539017,nan,nan,nan,nan,nan,nan,nan
1791576740.3992717,nan,nan,nan,0,639900,5332.6937235,nan,nan,nan,nan,nan,nan,nan
1791576740.4078305,nan,nan,nan,0,639901,5332.70205683,nan,nan,nan,nan,nan,nan,nan
1791576740.415443,nan,nan,nan,0,639902,5332.71039016,nan,nan,nan,nan,nan,nan,nan
1791576740.4235737,nan,nan,nan,0,639903,5332.71872349,nan,nan,nan,nan,nan,nan,nan
1791576740.4321883,nan,nan,nan,0,639904,5332.72705682,nan,nan,nan,nan,nan,nan,nan
1791576740.440421,nan,nan,nan,0,639905,5332.73539015,nan,nan,nan,nan,nan,nan,nan
1791576740.448527,nan,nan,nan,0,639906,5332.74372348,nan,nan,nan,nan,nan,nan,nan
1791576740.4569087,nan,nan,nan,0,639907,5332.75205681,nan,nan,nan,nan,nan,nan,nan
1791576740.4652317,nan,nan,nan,0,639908,5332.76039014,nan,nan,nan,nan,nan,nan,nan
1791576740.4735312,nan,nan,nan,0,639909,5332.76872347,nan,nan,nan,nan,nan,nan,nan
1791576740.4824882,nan,nan,nan,0,639910,5332.7770568,nan,nan,nan,nan,nan,nan,nan
1791576740.4901273,nan,nan,nan,0,639911,5332.78539013,nan,nan,nan,nan,nan,nan,nan
1791576740.4984877,nan,nan,nan,0,639912,5332.79372346,nan,nan,nan,nan,nan,nan,nan
1791576740.5069196,nan,nan,nan,0,639913,5332.80205679,nan,nan,nan,nan,nan,nan,nan
1791576740.518055,nan,nan,nan,0,639914,5332.81039012,nan,nan,nan,nan,nan,nan,nan
1791576740.5240026,nan,nan,nan,0,639915,5332.81872345,nan,nan,nan,nan,nan,nan,nan
1791576740.532532,nan,nan,nan,0,639916,5332.82705678,nan,nan,nan,nan,nan,nan,nan
1791576740.5410306,nan,nan,nan,0,639917,5332.83539011,nan,nan,nan,nan,nan,nan,nan
1791576740.5489488,nan,nan,nan,0,639918,5332.84372344,nan,nan,nan,nan,nan,nan,nan
1791576740.5574403,nan,nan,nan,0,639919,5332.85205677,nan,nan,nan,nan,nan,nan,nan
1791576740.5657482,nan,nan,nan,0,639920,5332.8603901,nan,nan,nan,nan,nan,nan,nan
1791576740.574134,nan,nan,nan,0,639921,5332.86872343,nan,nan,nan,nan,nan,nan,nan
1791576740.5822966,nan,nan,nan,0,639922,5332.87705676,nan,nan,nan,nan,nan,nan,nan
1791576740.590748,nan,nan,nan,0,639923,5332.88539009,nan,nan,nan,nan,nan,nan,nan
1791576740.5990036,nan,nan,nan,0,639924,5332.89372342,nan,nan,nan,nan,nan,nan,nan
1791576740.6070356,nan,nan,nan,0,639925,5332.90205675,nan,nan,nan,nan,nan,nan,nan
1791576740.6171412,nan,nan,nan,0,639926,5332.91039008,nan,nan,nan,nan,nan,nan,nan
1791576740.6249814,nan,nan,nan,0,639927,5332.91872341,nan,nan,nan,nan,nan,nan,nan
1791576740.6321876,nan,nan,nan,0,639928,5332.92705674,nan,nan,nan,nan,nan,nan,nan
1791576740.6402707,nan,nan,nan,0,639929,5332.93539007,nan,nan,nan,nan,nan,nan,nan
1791576740.6487305,nan,nan,nan,0,639930,5332.9437234,nan,nan,nan,nan,nan,nan,nan
1791576740.6583905,nan,nan,nan,0,639931,5332.95205673,nan,nan,nan,nan,nan,nan,nan
1791576740.665117,nan,nan,nan,0,639932,5332.96039006,nan,nan,nan,nan,nan,nan,nan
1791576740.6737638,nan,nan,nan,0,639933,5332.96872339,nan,nan,nan,nan,nan,nan,nan
1791576740.682062,nan,nan,nan,0,639934,5332.97705672,nan,nan,nan,nan,nan,nan,nan
1791576740.6903005,nan,nan,nan,0,639935,5332.98539005,nan,nan,nan,nan,nan,nan,nan
1791576740.698693,nan,nan,nan,0,639936,5332.99372338,nan,nan,nan,nan,nan,nan,nan
1791576740.7069712,nan,nan,nan,0,639937,5333.00205671,nan,nan,nan,nan,nan,nan,nan
1791576740.7155647,nan,nan,nan,0,639938,5333.01039004,nan,nan,nan,nan,nan,nan,nan
1791576740.7238998,nan,nan,nan,0,639939,5333.01872337,nan,nan,nan,nan,nan,nan,nan
1791576740.731885,nan,nan,nan,0,639940,5333.0270567,nan,nan,nan,nan,nan,nan,nan
1791576740.740114,nan,nan,nan,0,639941,5333.03539003,nan,nan,nan,nan,nan,nan,nan
1791576740.7485986,nan,nan,nan,0,639942,5333.04372336,nan,nan,nan,nan,nan,nan,nan
1791576740.7567687,nan,nan,nan,0,639943,5333.05205669,nan,nan,nan,nan,nan,nan,nan
1791576740.765149,nan,nan,nan,0,639944,5333.06039002,nan,nan,nan,nan,nan,nan,nan
1791576740.7734177,nan,nan,nan,0,639945,5333.06872335,nan,nan,nan,nan,nan,nan,nan
1791576740.7818775,nan,nan,nan,0,639946,5333.07705668,nan,nan,nan,nan,nan,nan,nan
1791576740.790141,nan,nan,nan,0,639947,5333.08539001,nan,nan,nan,nan,nan,nan,nan
1791576740.7990687,nan,nan,nan,0,639948,5333.09372334,nan,nan,nan,nan,nan,nan,nan
1791576740.8068674,nan,nan,nan,0,639949,5333.10205667,nan,nan,nan,nan,nan,nan,nan
1791576740.8154712,nan,nan,nan,0,639950,5333.11039,nan,nan,nan,nan,nan,nan,nan
1791576740.8236706,nan,nan,nan,0,639951,5333.11872333,nan,nan,nan,nan,nan,nan,nan
1791576740.831916,nan,nan,nan,0,639952,5333.12705666,nan,nan,nan,nan,nan,nan,nan
1791576740.8403015,nan,nan,nan,0,639953,5333.13538999,nan,nan,nan,nan,nan,nan,nan
1791576740.8485491,nan,nan,nan,0,639954,5333.14372332,nan,nan,nan,nan,nan,nan,nan
1791576741.059418,nan,nan,nan,0,639955,5333.15205665,nan,nan,nan,nan,nan,nan,nan
1791576741.059643,nan,nan,nan,0,639956,5333.16038998,nan,nan,nan,nan,nan,nan,nan
1791576741.0598354,nan,nan,nan,0,639957,5333.16872331,nan,nan,nan,nan,nan,nan,nan
1791576741.0600169,nan,nan,nan,0,639958,5333.17705664,nan,nan,nan,nan,nan,nan,nan
1791576741.0603452,nan,nan,nan,0,639959,5333.18538997,nan,nan,nan,nan,nan,nan,nan
1791576741.0605314,nan,nan,nan,0,639960,5333.1937233,nan,nan,nan,nan,nan,nan,nan
1791576741.06071,nan,nan,nan,0,639961,5333.20205663,nan,nan,nan,nan,nan,nan,nan
1791576741.0608864,nan,nan,nan,0,639962,5333.21038996,nan,nan,nan,nan,nan,nan,nan
1791576741.0610592,nan,nan,nan,0,639963,5333.21872329,nan,nan,nan,nan,nan,nan,nan
1791576741.0612376,nan,nan,nan,0,639964,5333.22705662,nan,nan,nan,nan,nan,nan,nan
1791576741.061421,nan,nan,nan,0,639965,5333.23538995,nan,nan,nan,nan,nan,nan,nan
1791576741.0615966,nan,nan,nan,0,639966,5333.24372328,nan,nan,nan,nan,nan,nan,nan
1791576741.0617726,nan,nan,nan,0,639967,5333.25205661,nan,nan,nan,nan,nan,nan,nan
1791576741.0619483,nan,nan,nan,0,639968,5333.26038994,nan,nan,nan,nan,nan,nan,nan
1791576741.0621243,nan,nan,nan,0,639969,5333.26872327,nan,nan,nan,nan,nan,nan,nan
1791576741.0623002,nan,nan,nan,0,639970,5333.2770566,nan,nan,nan,nan,nan,nan,nan
1791576741.0624883,nan,nan,nan,0,639971,5333.28538993,nan,nan,nan,nan,nan,nan,nan
1791576741.0626616,nan,nan,nan,0,639972,5333.29372326,nan,nan,nan,nan,nan,nan,nan
1791576741.0628402,nan,nan,nan,0,639973,5333.30205659,nan,nan,nan,nan,nan,nan,nan
1791576741.0630183,nan,nan,nan,0,639974,5333.31038992,nan,nan,nan,nan,nan,nan,nan
1791576741.0631962,nan,nan,nan,0,639975,5333.31872325,nan,nan,nan,nan,nan,nan,nan
1791576741.0633779,nan,nan,nan,0,639976,5333.32705658,nan,nan,nan,nan,nan,nan,nan
1791576741.063557,nan,nan,nan,0,639977,5333.33538991,nan,nan,nan,nan,nan,nan,nan
1791576741.0637364,nan,nan,nan,0,639978,5333.34372324,nan,nan,nan,nan,nan,nan,nan
1791576741.0640354,nan,nan,nan,0,639979,5333.35205657,nan,nan,nan,nan,nan,nan,nan
1791576741.065186,nan,nan,nan,0,639980,5333.3603899,nan,nan,nan,nan,nan,nan,nan
1791576741.0739124,nan,nan,nan,0,639981,5333.36872323,nan,nan,nan,nan,nan,nan,nan
1791576741.0818965,nan,nan,nan,0,639982,5333.37705656,nan,nan,nan,nan,nan,nan,nan
1791576741.0905936,nan,nan,nan,0,639983,5333.38538989,nan,nan,nan,nan,nan,nan,nan
1791576741.0986025,nan,nan,nan,0,639984,5333.39372322,nan,nan,nan,nan,nan,nan,nan
1791576741.1068754,nan,nan,nan,0,639985,5333.40205655,nan,nan,nan,nan,nan,nan,nan
1791576741.1168172,nan,nan,nan,0,639986,5333.41038988,nan,nan,nan,nan,nan,nan,nan
1791576741.1245923,nan,nan,nan,0,639987,5333.41872321,nan,nan,nan,nan,nan,nan,nan
1791576741.1321354,nan,nan,nan,0,639988,5333.42705654,nan,nan,nan,nan,nan,nan,nan
1791576741.1403933,nan,nan,nan,0,639989,5333.43538987,nan,nan,nan,nan,nan,nan,nan
1791576741.1486728,nan,nan,nan,0,639990,5333.4437232,nan,nan,nan,nan,nan,nan,nan
1791576741.156894,nan,nan,nan,0,639991,5333.45205653,nan,nan,nan,nan,nan,nan,nan
1791576741.1653523,nan,nan,nan,0,639992,5333.46038986,nan,nan,nan,nan,nan,nan,nan
1791576741.1735487,nan,nan,nan,0,639993,5333.46872319,nan,nan,nan,nan,nan,nan,nan
1791576741.1822302,nan,nan,nan,0,639994,5333.47705652,nan,nan,nan,nan,nan,nan,nan
1791576741.1910257,nan,nan,nan,0,639995,5333.48538985,nan,nan,nan,nan,nan,nan,nan
1791576741.1988132,nan,nan,nan,0,639996,5333.49372318,nan,nan,nan,nan,nan,nan,nan
1791576741.2070515,nan,nan,nan,0,639997,5333.50205651,nan,nan,nan,nan,nan,nan,nan
1791576741.2152379,nan,nan,nan,0,639998,5333.51038984,nan,nan,nan,nan,nan,nan,nan
1791576741.223652,nan,nan,nan,0,639999,5333.51872317,nan,nan,nan,nan,nan,nan,nan
1791576741.2319765,nan,nan,nan,0,640000,5333.5270565,nan,nan,nan,nan,nan,nan,nan
1791576741.242162,nan,nan,nan,0,640001,5333.53538983,nan,nan,nan,nan,nan,nan,nan
1791576741.2486587,nan,nan,nan,0,640002,5333.54372316,nan,nan,nan,nan,nan,nan,nan
1791576741.2573333,nan,nan,nan,0,640003,5333.55205649,nan,nan,nan,nan,nan,nan,nan
1791576741.2689385,nan,nan,nan,0,640004,5333.56038982,nan,nan,nan,nan,nan,nan,nan
1791576741.2736642,nan,nan,nan,0,640005,5333.56872315,nan,nan,nan,nan,nan,nan,nan
1791576741.2826736,nan,nan,nan,0,640006,5333.57705648,nan,nan,nan,nan,nan,nan,nan
1791576741.2908828,nan,nan,nan,0,640007,5333.58538981,nan,nan,nan,nan,nan,nan,nan
1791576741.2998428,nan,nan,nan,0,640008,5333.59372314,nan,nan,nan,nan,nan,nan,nan
1791576741.3078296,nan,nan,nan,0,640009,5333.60205647,nan,nan,nan,nan,nan,nan,nan
1791576741.3158646,nan,nan,nan,0,640010,5333.6103898,nan,nan,nan,nan,nan,nan,nan
1791576741.3253424,nan,nan,nan,0,640011,5333.61872313,nan,nan,nan,nan,nan,nan,nan
1791576741.332555,nan,nan,nan,0,640012,5333.62705646,nan,nan,nan,nan,nan,nan,nan
1791576741.3406906,nan,nan,nan,0,640013,5333.63538979,nan,nan,nan,nan,nan,nan,nan
1791576741.3492138,nan,nan,nan,0,640014,5333.64372312,nan,nan,nan,nan,nan,nan,nan
1791576741.3583167,nan,nan,nan,0,640015,5333.65205645,nan,nan,nan,nan,nan,nan,nan
1791576741.365225,nan,nan,nan,0,640016,5333.66038978,nan,nan,nan,nan,nan,nan,nan
1791576741.3735144,nan,nan,nan,0,640017,5333.66872311,nan,nan,nan,nan,nan,nan,nan
1791576741.382026,nan,nan,nan,0,640018,5333.67705644,nan,nan,nan,nan,nan,nan,nan
1791576741.3902297,nan,nan,nan,0,640019,5333.68538977,nan,nan,nan,nan,nan,nan,nan
1791576741.3996665,nan,nan,nan,0,640020,5333.6937231,nan,nan,nan,nan,nan,nan,nan
1791576741.4070487,nan,nan,nan,0,640021,5333.70205643,nan,nan,nan,nan,nan,nan,nan
1791576741.4152606,nan,nan,nan,0,640022,5333.71038976,nan,nan,nan,nan,nan,nan,nan
1791576741.4236968,nan,nan,nan,0,640023,5333.71872309,nan,nan,nan,nan,nan,nan,nan
1791576741.432405,nan,nan,nan,0,640024,5333.72705642,nan,nan,nan,nan,nan,nan,nan
1791576741.4407012,nan,nan,nan,0,640025,5333.73538975,nan,nan,nan,nan,nan,nan,nan
1791576741.4486759,nan,nan,nan,0,640026,5333.74372308,nan,nan,nan,nan,nan,nan,nan
1791576741.4574652,nan,nan,nan,0,640027,5333.75205641,nan,nan,nan,nan,nan,nan,nan
1791576741.465147,nan,nan,nan,0,640028,5333.76038974,nan,nan,nan,nan,nan,nan,nan
1791576741.4735672,nan,nan,nan,0,640029,5333.76872307,nan,nan,nan,nan,nan,nan,nan
1791576741.4818923,nan,nan,nan,0,640030,5333.7770564,nan,nan,nan,nan,nan,nan,nan
1791576741.4901774,nan,nan,nan,0,640031,5333.78538973,nan,nan,nan,nan,nan,nan,nan
1791576741.4985247,nan,nan,nan,0,640032,5333.79372306,nan,nan,nan,nan,nan,nan,nan
1791576741.5069947,nan,nan,nan,0,640033,5333.80205639,nan,nan,nan,nan,nan,nan,nan
1791576741.5155842,nan,nan,nan,0,640034,5333.81038972,nan,nan,nan,nan,nan,nan,nan
1791576741.523531,nan,nan,nan,0,640035,5333.81872305,nan,nan,nan,nan,nan,nan,nan
1791576741.5318642,nan,nan,nan,0,640036,5333.82705638,nan,nan,nan,nan,nan,nan,nan
1791576741.5421255,nan,nan,nan,0,640037,5333.83538971,nan,nan,nan,nan,nan,nan,nan
1791576741.549105,nan,nan,nan,0,640038,5333.84372304,nan,nan,nan,nan,nan,nan,nan
1791576741.5578184,nan,nan,nan,0,640039,5333.85205637,nan,nan,nan,nan,nan,nan,nan
1791576741.5652668,nan,nan,nan,0,640040,5333.8603897,nan,nan,nan,nan,nan,nan,nan
1791576741.5736191,nan,nan,nan,0,640041,5333.86872303,nan,nan,nan,nan,nan,nan,nan
1791576741.5828397,nan,nan,nan,0,640042,5333.87705636,nan,nan,nan,nan,nan,nan,nan
1791576741.5901856,nan,nan,nan,0,640043,5333.88538969,nan,nan,nan,nan,nan,nan,nan
1791576741.5991826,nan,nan,nan,0,640044,5333.89372302,nan,nan,nan,nan,nan,nan,nan
1791576741.606997,nan,nan,nan,0,640045,5333.90205635,nan,nan,nan,nan,nan,nan,nan
1791576741.6153367,nan,nan,nan,0,640046,5333.91038968,nan,nan,nan,nan,nan,nan,nan
1791576741.62373,nan,nan,nan,0,640047,5333.91872301,nan,nan,nan,nan,nan,nan,nan
1791576741.6326218,nan,nan,nan,0,640048,5333.92705634,nan,nan,nan,nan,nan,nan,nan
1791576741.640249,nan,nan,nan,0,640049,5333.93538967,nan,nan,nan,nan,nan,nan,nan
1791576741.6486907,nan,nan,nan,0,640050,5333.943723,nan,nan,nan,nan,nan,nan,nan
1791576741.6572587,nan,nan,nan,0,640051,5333.95205633,nan,nan,nan,nan,nan,nan,nan
1791576741.6656084,nan,nan,nan,0,640052,5333.96038966,nan,nan,nan,nan,nan,nan,nan
1791576741.6756263,nan,nan,nan,0,640053,5333.96872299,nan,nan,nan,nan,nan,nan,nan
1791576741.682185,nan,nan,nan,0,640054,5333.97705632,nan,nan,nan,nan,nan,nan,nan
1791576741.6916292,nan,nan,nan,0,640055,5333.98538965,nan,nan,nan,nan,nan,nan,nan
1791576741.6988971,nan,nan,nan,0,640056,5333.99372298,nan,nan,nan,nan,nan,nan,nan
1791576741.7077434,nan,nan,nan,0,640057,5334.00205631,nan,nan,nan,nan,nan,nan,nan
1791576741.7158322,nan,nan,nan,0,640058,5334.01038964,nan,nan,nan,nan,nan,nan,nan
1791576741.7242546,nan,nan,nan,0,640059,5334.01872297,nan,nan,nan,nan,nan,nan,nan
1791576741.733054,nan,nan,nan,0,640060,5334.0270563,nan,nan,nan,nan,nan,nan,nan
1791576741.7406943,nan,nan,nan,0,640061,5334.03538963,nan,nan,nan,nan,nan,nan,nan
1791576741.748591,nan,nan,nan,0,640062,5334.04372296,nan,nan,nan,nan,nan,nan,nan
1791576741.7568727,nan,nan,nan,0,640063,5334.05205629,nan,nan,nan,nan,nan,nan,nan
1791576741.7672448,nan,nan,nan,0,640064,5334.06038962,nan,nan,nan,nan,nan,nan,nan
1791576741.773688,nan,nan,nan,0,640065,5334.06872295,nan,nan,nan,nan,nan,nan,nan
1791576741.7830539,nan,nan,nan,0,640066,5334.07705628,nan,nan,nan,nan,nan,nan,nan
1791576741.7904255,nan,nan,nan,0,640067,5334.08538961,nan,nan,nan,nan,nan,nan,nan
1791576741.7986758,nan,nan,nan,0,640068,5334.09372294,nan,nan,nan,nan,nan,nan,nan
1791576741.8076258,nan,nan,nan,0,640069,5334.10205627,nan,nan,nan,nan,nan,nan,nan
1791576741.8160374,nan,nan,nan,0,640070,5334.1103896,nan,nan,nan,nan,nan,nan,nan
1791576741.8236814,nan,nan,nan,0,640071,5334.11872293,nan,nan,nan,nan,nan,nan,nan
1791576741.8319924,nan,nan,nan,0,640072,5334.12705626,nan,nan,nan,nan,nan,nan,nan
1791576741.8414972,nan,nan,nan,0,640073,5334.13538959,nan,nan,nan,nan,nan,nan,nan
1791576741.8486252,nan,nan,nan,0,640074,5334.14372292,nan,nan,nan,nan,nan,nan,nan
1791576741.8571546,nan,nan,nan,0,640075,5334.15205625,nan,nan,nan,nan,nan,nan,nan
1791576741.8653433,nan,nan,nan,0,640076,5334.16038958,nan,nan,nan,nan,nan,nan,nan
1791576741.8735688,nan,nan,nan,0,640077,5334.16872291,nan,nan,nan,nan,nan,nan,nan
1791576741.8830218,nan,nan,nan,0,640078,5334.17705624,nan,nan,nan,nan,nan,nan,nan
1791576741.8902662,nan,nan,nan,0,640079,5334.18538957,nan,nan,nan,nan,nan,nan,nan
1791576741.8985841,nan,nan,nan,0,640080,5334.1937229,nan,nan,nan,nan,nan,nan,nan
1791576741.9072452,nan,nan,nan,0,640081,5334.20205623,nan,nan,nan,nan,nan,nan,nan
1791576741.916145,nan,nan,nan,0,640082,5334.21038956,nan,nan,nan,nan,nan,nan,nan
1791576741.9237223,nan,nan,nan,0,640083,5334.21872289,nan,nan,nan,nan,nan,nan,nan
1791576741.931922,nan,nan,nan,0,640084,5334.22705622,nan,nan,nan,nan,nan,nan,nan
1791576741.940564,nan,nan,nan,0,640085,5334.23538955,nan,nan,nan,nan,nan,nan,nan
1791576741.948558,nan,nan,nan,0,640086,5334.24372288,nan,nan,nan,nan,nan,nan,nan
1791576741.9573693,nan,nan,nan,0,640087,5334.25205621,nan,nan,nan,nan,nan,nan,nan
1791576741.965354,nan,nan,nan,0,640088,5334.26038954,nan,nan,nan,nan,nan,nan,nan
1791576741.9735227,nan,nan,nan,0,640089,5334.26872287,nan,nan,nan,nan,nan,nan,nan
1791576741.9818919,nan,nan,nan,0,640090,5334.2770562,nan,nan,nan,nan,nan,nan,nan
1791576741.9901152,nan,nan,nan,0,640091,5334.28538953,nan,nan,nan,nan,nan,nan,nan
1791576741.9984996,nan,nan,nan,0,640092,5334.29372286,nan,nan,nan,nan,nan,nan,nan
1791576742.0072215,nan,nan,nan,0,640093,5334.30205619,nan,nan,nan,nan,nan,nan,nan
1791576742.0152209,nan,nan,nan,0,640094,5334.31038952,nan,nan,nan,nan,nan,nan,nan
1791576742.024312,nan,nan,nan,0,640095,5334.31872285,nan,nan,nan,nan,nan,nan,nan
1791576742.0319345,nan,nan,nan,0,640096,5334.32705618,nan,nan,nan,nan,nan,nan,nan
1791576742.0408642,nan,nan,nan,0,640097,5334.33538951,nan,nan,nan,nan,nan,nan,nan
1791576742.048844,nan,nan,nan,0,640098,5334.34372284,nan,nan,nan,nan,nan,nan,nan
1791576742.0581582,nan,nan,nan,0,640099,5334.35205617,nan,nan,nan,nan,nan,nan,nan
1791576742.065709,nan,nan,nan,0,640100,5334.3603895,nan,nan,nan,nan,nan,nan,nan
1791576742.074373,nan,nan,nan,0,640101,5334.36872283,nan,nan,nan,nan,nan,nan,nan
1791576742.083597,nan,nan,nan,0,640102,5334.37705616,nan,nan,nan,nan,nan,nan,nan
1791576742.0917382,nan,nan,nan,0,640103,5334.38538949,nan,nan,nan,nan,nan,nan,nan
1791576742.0993996,nan,nan,nan,0,640104,5334.39372282,nan,nan,nan,nan,nan,nan,nan
1791576742.1074321,nan,nan,nan,0,640105,5334.40205615,nan,nan,nan,nan,nan,nan,nan
1791576742.115681,nan,nan,nan,0,640106,5334.41038948,nan,nan,nan,nan,nan,nan,nan
1791576742.1240156,nan,nan,nan,0,640107,5334.41872281,nan,nan,nan,nan,nan,nan,nan
1791576742.1322038,nan,nan,nan,0,640108,5334.42705614,nan,nan,nan,nan,nan,nan,nan
1791576742.1409326,nan,nan,nan,0,640109,5334.43538947,nan,nan,nan,nan,nan,nan,nan
1791576742.149394,nan,nan,nan,0,640110,5334.4437228,nan,nan,nan,nan,nan,nan,nan
